volume_number,start_page_label,macropaedia_contents_name,candidate_count,suggested_propaedia_name,suggested_occurrence_count,suggested_match_methods,suggested_source_pages,suggested_source_sections,suggested_source_images,alternate_propaedia_names
1,1,ACCOUNTING,1,Accounting,1,direct,196,533,propaedia_pages/part_5/propaedia-2010-part-05-photo-11.jpg,
1,195,ALCOHOL AND DRUG CONSUMPTION,1,Alcohol and Drug Consumption,1,direct,189,522,propaedia_pages/part_5/propaedia-2010-part-05-photo-06.jpg,
1,234,ALGAE,1,Algae,1,direct,100,313,propaedia_pages/part_3/propaedia-2010-part-03-photo-03.jpg,
1,349,Native American Peoples,1,"American Peoples, Native",1,observed_comma_flip,175,511,propaedia_pages/part_5/propaedia-2010-part-05-photo-01.jpg,
1,37,AFRICA,1,Africa,1,direct,175,511,propaedia_pages/part_5/propaedia-2010-part-05-photo-01.jpg,
1,418,AMPHIBIANS,1,Amphibians,1,direct,100,313,propaedia_pages/part_3/propaedia-2010-part-03-photo-03.jpg,
1,523,Physical and Chemical ANALYSIS AND MEASUREMENT,1,"Analysis and Measurement, Physical and Chemical",3,observed_comma_flip,22 | 26 | 53,111 | 112 | 131,propaedia_pages/part_1/propaedia-2010-part-01-photo-01.jpg | propaedia_pages/part_1/propaedia-2010-part-01-photo-02.jpg | propaedia_pages/part_1/propaedia-2010-part-01-photo-11.jpg,
1,603,ANGIOSPERMS: The Flowering Plants,1,Angiosperms: The Flowering Plants,1,direct,100,313,propaedia_pages/part_3/propaedia-2010-part-03-photo-03.jpg,
1,766,ANIMALS,1,Animals,3,direct,96 | 100 | 119,311 | 313 | 332,propaedia_pages/part_3/propaedia-2010-part-03-photo-01.jpg | propaedia_pages/part_3/propaedia-2010-part-03-photo-03.jpg | propaedia_pages/part_3/propaedia-2010-part-03-photo-08.jpg,
1,778,ANNELIDS,1,Annelids,1,direct,100,313,propaedia_pages/part_3/propaedia-2010-part-03-photo-03.jpg,
1,853,ARACHNIDS,1,Arachnids,1,direct,100,313,propaedia_pages/part_3/propaedia-2010-part-03-photo-03.jpg,
2,1,The ARCTIC,1,"Arctic, The",1,observed_comma_flip,175,511,propaedia_pages/part_5/propaedia-2010-part-05-photo-01.jpg,
2,1007,Biochemical Components of Organisms,1,Biochemical Components of Organisms,3,direct,32 | 113 | 148,122 | 321 | 421,propaedia_pages/part_1/propaedia-2010-part-01-photo-04.jpg | propaedia_pages/part_3/propaedia-2010-part-03-photo-04.jpg | propaedia_pages/part_4/propaedia-2010-part-04-photo-03.jpg,
2,1069,The BIOLOGICAL SCIENCES,1,"Biological Sciences, The",1,observed_comma_flip,96,311,propaedia_pages/part_3/propaedia-2010-part-03-photo-01.jpg,
2,108,ARTHROPODS,1,Arthropods,1,direct,100,313,propaedia_pages/part_3/propaedia-2010-part-03-photo-03.jpg,
2,1127,The BIOSPHERE and Concepts of Ecology,1,"Biosphere and Concepts of Ecology, The",2,observed_comma_flip,137 | 138,354 | 355,propaedia_pages/part_3/propaedia-2010-part-03-photo-21.jpg | propaedia_pages/part_3/propaedia-2010-part-03-photo-22.jpg,
2,122,ASCHELMINTHS,1,Aschelminths,1,direct,100,313,propaedia_pages/part_3/propaedia-2010-part-03-photo-03.jpg,
2,128,ASIA,1,Asia,1,direct,175,511,propaedia_pages/part_5/propaedia-2010-part-05-photo-01.jpg,
2,241,ASIAN PEOPLES AND CULTURES,1,Asian Peoples and Cultures,1,direct,175,511,propaedia_pages/part_5/propaedia-2010-part-05-photo-01.jpg,
2,315,ATMOSPHERE,1,Atmosphere,2,direct,74 | 86,221 | 241,propaedia_pages/part_2/propaedia-2010-part-02-photo-05.jpg | propaedia_pages/part_2/propaedia-2010-part-02-photo-10.jpg,
2,339,"Atoms: Their Structure, Properties, and Component Particles",1,"Atoms: Their Structure, Properties, and Component Particles",2,direct,22 | 26,111 | 112,propaedia_pages/part_1/propaedia-2010-part-01-photo-01.jpg | propaedia_pages/part_1/propaedia-2010-part-01-photo-02.jpg,
2,391,ATTENTION,1,Attention,1,direct,163,432,propaedia_pages/part_4/propaedia-2010-part-04-photo-08.jpg,
2,406,AUSTRALIA,1,Australia,1,direct,175,511,propaedia_pages/part_5/propaedia-2010-part-05-photo-01.jpg,
2,570,BACTERIA AND OTHER MONERANS,1,Bacteria and Other Monerans,2,direct,96 | 100,311 | 313,propaedia_pages/part_3/propaedia-2010-part-03-photo-01.jpg | propaedia_pages/part_3/propaedia-2010-part-03-photo-03.jpg,
2,744,Animal BEHAVIOUR,1,"Behaviour, Animal",5,observed_comma_flip,96 | 127 | 130 | 131 | 134,311 | 337 | 341 | 342 | 352,propaedia_pages/part_3/propaedia-2010-part-03-photo-01.jpg | propaedia_pages/part_3/propaedia-2010-part-03-photo-13.jpg | propaedia_pages/part_3/propaedia-2010-part-03-photo-16.jpg | propaedia_pages/part_3/propaedia-2010-part-03-photo-17.jpg | propaedia_pages/part_3/propaedia-2010-part-03-photo-19.jpg,
2,829,The Development of Human BEHAVIOUR,1,"Behaviour, The Development of Human",1,observed_comma_flip,161,431,propaedia_pages/part_4/propaedia-2010-part-04-photo-07.jpg,
3,1,BIRDS,1,Birds,1,direct,100,313,propaedia_pages/part_3/propaedia-2010-part-03-photo-03.jpg,
3,1039,CHEMICAL REACTIONS,1,Chemical Reactions,1,direct,36,123,propaedia_pages/part_1/propaedia-2010-part-01-photo-05.jpg,
3,113,BIRTH CONTROL,1,Birth Control,2,direct,159 | 191,424 | 524,propaedia_pages/part_4/propaedia-2010-part-04-photo-06.jpg | propaedia_pages/part_5/propaedia-2010-part-05-photo-08.jpg,
3,125,BLOOD,1,Blood,3,direct,119 | 148 | 153,332 | 421 | 423,propaedia_pages/part_3/propaedia-2010-part-03-photo-08.jpg | propaedia_pages/part_4/propaedia-2010-part-04-photo-03.jpg | propaedia_pages/part_4/propaedia-2010-part-04-photo-05.jpg,
3,252,BRYOPHYTES,1,Bryophytes,1,direct,100,313,propaedia_pages/part_3/propaedia-2010-part-03-photo-03.jpg,
3,340,BUSINESS LAW,1,Business Law,1,direct,214,553,propaedia_pages/part_5/propaedia-2010-part-05-photo-21.jpg,
3,366,BUSINESS ORGANIZATION,1,Business Organization,1,direct,196,533,propaedia_pages/part_5/propaedia-2010-part-05-photo-11.jpg,
3,417,CALENDAR,1,Calendar,1,direct,58,133,propaedia_pages/part_1/propaedia-2010-part-01-photo-13.jpg,
3,519,CANCER,1,Cancer,1,direct,153,423,propaedia_pages/part_4/propaedia-2010-part-04-photo-05.jpg,
3,561,Domestic CATS,1,"Cats, Domestic",1,observed_comma_flip,138,355,propaedia_pages/part_3/propaedia-2010-part-03-photo-22.jpg,
3,565,CELLS: Their Structures and Functions,1,Cells: Their Structures and Functions,7,direct,96 | 113 | 115 | 116 | 118 | 119 | 125,311 | 321 | 322 | 323 | 331 | 332 | 336,propaedia_pages/part_3/propaedia-2010-part-03-photo-01.jpg | propaedia_pages/part_3/propaedia-2010-part-03-photo-04.jpg | propaedia_pages/part_3/propaedia-2010-part-03-photo-05.jpg | propaedia_pages/part_3/propaedia-2010-part-03-photo-06.jpg | propaedia_pages/part_3/propaedia-2010-part-03-photo-07.jpg | propaedia_pages/part_3/propaedia-2010-part-03-photo-08.jpg | propaedia_pages/part_3/propaedia-2010-part-03-photo-12.jpg,
3,604,CENSORSHIP,1,Censorship,1,direct,205,543,propaedia_pages/part_5/propaedia-2010-part-05-photo-17.jpg,
3,612,CENTRAL AFRICA,1,Central Africa,1,direct,175,511,propaedia_pages/part_5/propaedia-2010-part-05-photo-01.jpg,
3,701,CENTRAL ASIA,1,Central Asia,1,direct,175,511,propaedia_pages/part_5/propaedia-2010-part-05-photo-01.jpg,
3,777,CHEMICAL COMPOUNDS,1,Chemical Compounds,3,direct,28 | 32 | 113,121 | 122 | 321,propaedia_pages/part_1/propaedia-2010-part-01-photo-03.jpg | propaedia_pages/part_1/propaedia-2010-part-01-photo-04.jpg | propaedia_pages/part_3/propaedia-2010-part-03-photo-04.jpg,
3,932,CHEMICAL ELEMENTS,1,Chemical Elements,2,direct,28 | 71,121 | 214,propaedia_pages/part_1/propaedia-2010-part-01-photo-03.jpg | propaedia_pages/part_2/propaedia-2010-part-02-photo-04.jpg,
4,241,CHORDATES,1,Chordates,1,direct,100,313,propaedia_pages/part_3/propaedia-2010-part-03-photo-03.jpg,
4,377,CIRCULATION AND CIRCULATORY SYSTEMS,1,Circulation and Circulatory Systems,4,direct,119 | 125 | 148 | 153,332 | 336 | 421 | 423,propaedia_pages/part_3/propaedia-2010-part-03-photo-08.jpg | propaedia_pages/part_3/propaedia-2010-part-03-photo-12.jpg | propaedia_pages/part_4/propaedia-2010-part-04-photo-03.jpg | propaedia_pages/part_4/propaedia-2010-part-04-photo-05.jpg,
4,425,CITIES,1,Cities,2,direct,191 | 204,524 | 542,propaedia_pages/part_5/propaedia-2010-part-05-photo-08.jpg | propaedia_pages/part_5/propaedia-2010-part-05-photo-16.jpg,
4,436,CLIMATE AND WEATHER,1,Climate and Weather,2,direct,78 | 191,223 | 524,propaedia_pages/part_2/propaedia-2010-part-02-photo-07.jpg | propaedia_pages/part_5/propaedia-2010-part-05-photo-08.jpg,
4,523,CNIDARIANS,1,Cnidarians,1,direct,100,313,propaedia_pages/part_3/propaedia-2010-part-03-photo-03.jpg,
4,529,COINS AND COINAGE,1,Coins and Coinage,1,direct,196,533,propaedia_pages/part_5/propaedia-2010-part-05-photo-11.jpg,
4,556,COLLECTIVE BEHAVIOUR,1,Collective Behaviour,1,direct,187,521,propaedia_pages/part_5/propaedia-2010-part-05-photo-05.jpg,
4,585,Biological COLORATION,1,"Coloration, Biological",2,observed_comma_flip,96 | 97,311 | 312,propaedia_pages/part_3/propaedia-2010-part-03-photo-01.jpg | propaedia_pages/part_3/propaedia-2010-part-03-photo-02.jpg,
4,595,COLOUR,1,Colour,1,direct,50,128,propaedia_pages/part_1/propaedia-2010-part-01-photo-10.jpg,
4,611,COMMUNICATION,1,Communication,1,direct,183,514,propaedia_pages/part_5/propaedia-2010-part-05-photo-04.jpg,
4,690,CONSTITUTION AND CONSTITUTIONAL GOVERNMENT,1,Constitution and Constitutional Government,1,direct,203,541,propaedia_pages/part_5/propaedia-2010-part-05-photo-15.jpg,
4,695,CONSTITUTIONAL LAW,1,Constitutional Law,1,direct,211,552,propaedia_pages/part_5/propaedia-2010-part-05-photo-20.jpg,
4,704,CONTINENTAL LANDFORMS,1,Continental Landforms,2,direct,80 | 84,231 | 232,propaedia_pages/part_2/propaedia-2010-part-02-photo-08.jpg | propaedia_pages/part_2/propaedia-2010-part-02-photo-09.jpg,
4,762,The Cosmos,1,"Cosmos, The",2,observed_comma_flip,53 | 55,131 | 132,propaedia_pages/part_1/propaedia-2010-part-01-photo-11.jpg | propaedia_pages/part_1/propaedia-2010-part-01-photo-12.jpg,
4,796,CRIME AND PUNISHMENT,1,Crime and Punishment,3,direct,187 | 189 | 205,521 | 522 | 543,propaedia_pages/part_5/propaedia-2010-part-05-photo-05.jpg | propaedia_pages/part_5/propaedia-2010-part-05-photo-06.jpg | propaedia_pages/part_5/propaedia-2010-part-05-photo-17.jpg,
4,817,CRIMINAL LAW,1,Criminal Law,1,direct,211,552,propaedia_pages/part_5/propaedia-2010-part-05-photo-20.jpg,
4,840,CRUSTACEANS,1,Crustaceans,1,direct,100,313,propaedia_pages/part_3/propaedia-2010-part-03-photo-03.jpg,
4,860,CRYPTOLOGY,1,Cryptology,1,direct,183,514,propaedia_pages/part_5/propaedia-2010-part-05-photo-04.jpg,
4,874,The Concept and Components of CULTURE,1,"Culture, The Concept and Components of",3,observed_comma_flip,175 | 178 | 179,511 | 512 | 513,propaedia_pages/part_5/propaedia-2010-part-05-photo-01.jpg | propaedia_pages/part_5/propaedia-2010-part-05-photo-02.jpg | propaedia_pages/part_5/propaedia-2010-part-05-photo-03.jpg,
4,9,CHILDHOOD DISEASES,1,Childhood Diseases and Disorders,1,observed_manual_alias,153,423,propaedia_pages/part_4/propaedia-2010-part-04-photo-05.jpg,
4,977,DARWIN,1,Darwin,1,direct,97,312,propaedia_pages/part_3/propaedia-2010-part-03-photo-02.jpg,
4,982,DEATH,1,Death,3,direct,128 | 135 | 151,338 | 353 | 422,propaedia_pages/part_3/propaedia-2010-part-03-photo-14.jpg | propaedia_pages/part_3/propaedia-2010-part-03-photo-20.jpg | propaedia_pages/part_4/propaedia-2010-part-04-photo-04.jpg,
5,226A,DEMOCRACY,1,Democracy,1,direct,203,541,propaedia_pages/part_5/propaedia-2010-part-05-photo-15.jpg,
5,246,DIAGNOSIS AND THERAPEUTICS,1,Diagnosis and Therapeutics,1,direct,153,423,propaedia_pages/part_4/propaedia-2010-part-04-photo-05.jpg,
5,275,DIGESTION AND DIGESTIVE SYSTEMS,1,Digestion and Digestive Systems,4,direct,119 | 124 | 148 | 153,332 | 335 | 421 | 423,propaedia_pages/part_3/propaedia-2010-part-03-photo-08.jpg | propaedia_pages/part_3/propaedia-2010-part-03-photo-11.jpg | propaedia_pages/part_4/propaedia-2010-part-04-photo-03.jpg | propaedia_pages/part_4/propaedia-2010-part-04-photo-05.jpg,
5,315,DINOSAURS,1,Dinosaurs,1,direct,100,313,propaedia_pages/part_3/propaedia-2010-part-03-photo-03.jpg,
5,330,DIPLOMACY,1,Diplomacy,1,direct,207,544,propaedia_pages/part_5/propaedia-2010-part-05-photo-18.jpg,
5,341,DISEASE,1,Disease,2,direct,135 | 153,353 | 423,propaedia_pages/part_3/propaedia-2010-part-03-photo-20.jpg | propaedia_pages/part_4/propaedia-2010-part-04-photo-05.jpg,
5,440,DOGS,1,Dogs,1,direct,138,355,propaedia_pages/part_3/propaedia-2010-part-03-photo-22.jpg,
5,529,DRUGS AND DRUG ACTION,1,Drugs and Drug Action,1,direct,113,321,propaedia_pages/part_3/propaedia-2010-part-03-photo-04.jpg,
5,569,"The EARTH: Its Properties, Composition, and Structure",1,"Earth, The: Its Properties, Composition, and Structure",11,observed_comma_article_colon,58 | 66 | 67 | 68 | 71 | 76 | 80 | 84 | 86 | 88 | 89,133 | 211 | 212 | 213 | 214 | 222 | 231 | 232 | 241 | 242 | 243,propaedia_pages/part_1/propaedia-2010-part-01-photo-13.jpg | propaedia_pages/part_2/propaedia-2010-part-02-photo-01.jpg | propaedia_pages/part_2/propaedia-2010-part-02-photo-02.jpg | propaedia_pages/part_2/propaedia-2010-part-02-photo-03.jpg | propaedia_pages/part_2/propaedia-2010-part-02-photo-04.jpg | propaedia_pages/part_2/propaedia-2010-part-02-photo-06.jpg | propaedia_pages/part_2/propaedia-2010-part-02-photo-08.jpg | propaedia_pages/part_2/propaedia-2010-part-02-photo-09.jpg | propaedia_pages/part_2/propaedia-2010-part-02-photo-10.jpg | propaedia_pages/part_2/propaedia-2010-part-02-photo-11.jpg | propaedia_pages/part_2/propaedia-2010-part-02-photo-12.jpg,
5,655,EARTHQUAKES,1,Earthquakes,1,direct,68,213,propaedia_pages/part_2/propaedia-2010-part-02-photo-03.jpg,
5,772,EASTERN AFRICA,1,Eastern Africa,1,direct,175,511,propaedia_pages/part_5/propaedia-2010-part-05-photo-01.jpg,
5,857,ECHINODERMS,1,Echinoderms,1,direct,100,313,propaedia_pages/part_3/propaedia-2010-part-03-photo-03.jpg,
5,866,"ECLIPSE, OCCULTATION, AND TRANSIT",1,"Eclipse, Occultation, and Transit",1,direct,58,133,propaedia_pages/part_1/propaedia-2010-part-01-photo-13.jpg,
5,878,ECONOMIC GROWTH AND PLANNING,1,Economic Growth and Planning,2,direct,196 | 201,533 | 536,propaedia_pages/part_5/propaedia-2010-part-05-photo-11.jpg | propaedia_pages/part_5/propaedia-2010-part-05-photo-14.jpg,
5,908,ECONOMIC SYSTEMS,1,Economic Systems,1,direct,192,531,propaedia_pages/part_5/propaedia-2010-part-05-photo-09.jpg,
5,916,ECONOMIC THEORY,1,Economic Theory,6,direct,192 | 193 | 196 | 199 | 200 | 201,531 | 532 | 533 | 534 | 535 | 536,propaedia_pages/part_5/propaedia-2010-part-05-photo-09.jpg | propaedia_pages/part_5/propaedia-2010-part-05-photo-10.jpg | propaedia_pages/part_5/propaedia-2010-part-05-photo-11.jpg | propaedia_pages/part_5/propaedia-2010-part-05-photo-12.jpg | propaedia_pages/part_5/propaedia-2010-part-05-photo-13.jpg | propaedia_pages/part_5/propaedia-2010-part-05-photo-14.jpg,
6,159,ELECTRICITY AND MAGNETISM,1,Electricity and Magnetism,2,direct,47 | 116,127 | 323,propaedia_pages/part_1/propaedia-2010-part-01-photo-09.jpg | propaedia_pages/part_3/propaedia-2010-part-03-photo-06.jpg,
6,195,ELECTROMAGNETIC RADIATION,1,Electromagnetic Radiation,2,direct,47 | 50,127 | 128,propaedia_pages/part_1/propaedia-2010-part-01-photo-09.jpg | propaedia_pages/part_1/propaedia-2010-part-01-photo-10.jpg,
6,1H,History of EDUCATION,1,"Education, History of",1,observed_comma_flip,217,562,propaedia_pages/part_5/propaedia-2010-part-05-photo-23.jpg,
6,248,Human EMOTION,1,"Emotion, Human",1,observed_comma_flip,164,433,propaedia_pages/part_4/propaedia-2010-part-04-photo-09.jpg,
6,287,ENDOCRINE SYSTEMS,1,Endocrine Systems,4,direct,119 | 121 | 148 | 153,332 | 333 | 421 | 423,propaedia_pages/part_3/propaedia-2010-part-03-photo-08.jpg | propaedia_pages/part_3/propaedia-2010-part-03-photo-09.jpg | propaedia_pages/part_4/propaedia-2010-part-04-photo-03.jpg | propaedia_pages/part_4/propaedia-2010-part-04-photo-05.jpg,
6,332,ENERGY CONVERSION,1,Energy Conversion,2,direct,44 | 47,126 | 127,propaedia_pages/part_1/propaedia-2010-part-01-photo-08.jpg | propaedia_pages/part_1/propaedia-2010-part-01-photo-09.jpg,
6,522,EUROPE,1,Europe,1,direct,175,511,propaedia_pages/part_5/propaedia-2010-part-05-photo-01.jpg,
6,812,Human EVOLUTION,1,"Evolution, Human",3,observed_comma_flip,97 | 144 | 145,312 | 411 | 412,propaedia_pages/part_3/propaedia-2010-part-03-photo-02.jpg | propaedia_pages/part_4/propaedia-2010-part-04-photo-01.jpg | propaedia_pages/part_4/propaedia-2010-part-04-photo-02.jpg,
6,855,The Theory of EVOLUTION,1,"Evolution, The Theory of",2,observed_comma_flip,96 | 97,311 | 312,propaedia_pages/part_3/propaedia-2010-part-03-photo-01.jpg | propaedia_pages/part_3/propaedia-2010-part-03-photo-02.jpg,
7,1,EXCRETION AND EXCRETORY SYSTEMS,1,Excretion and Excretory Systems,4,direct,119 | 125 | 148 | 153,332 | 336 | 421 | 423,propaedia_pages/part_3/propaedia-2010-part-03-photo-08.jpg | propaedia_pages/part_3/propaedia-2010-part-03-photo-12.jpg | propaedia_pages/part_4/propaedia-2010-part-04-photo-03.jpg | propaedia_pages/part_4/propaedia-2010-part-04-photo-05.jpg,
7,163,FERNS AND OTHER LOWER VASCULAR PLANTS,1,Ferns and Other Lower Vascular Plants,1,direct,100,313,propaedia_pages/part_3/propaedia-2010-part-03-photo-03.jpg,
7,192,FISHES,1,Fishes,1,direct,100,313,propaedia_pages/part_3/propaedia-2010-part-03-photo-03.jpg,
7,28,EXERCISE AND PHYSICAL CONDITIONING,1,Exercise and Physical Conditioning,1,direct,151,422,propaedia_pages/part_4/propaedia-2010-part-04-photo-04.jpg,
7,294,FLATWORMS: Phylum Platyhelminthes,1,Flatworms: Phylum Platyhelminthes,1,direct,100,313,propaedia_pages/part_3/propaedia-2010-part-03-photo-03.jpg,
7,410,FORESTRY AND WOOD PRODUCTION,1,Forestry and Wood Production,1,direct,138,355,propaedia_pages/part_3/propaedia-2010-part-03-photo-22.jpg,
7,566,FREUD,1,Freud,1,direct,167,436,propaedia_pages/part_4/propaedia-2010-part-04-photo-11.jpg,
7,572,Fossil FUELS,1,"Fuels, Fossil",1,observed_comma_flip,71,214,propaedia_pages/part_2/propaedia-2010-part-02-photo-04.jpg,
7,59,FAMILY AND KINSHIP,1,Family and Kinship,2,direct,179 | 189,513 | 522,propaedia_pages/part_5/propaedia-2010-part-05-photo-03.jpg | propaedia_pages/part_5/propaedia-2010-part-05-photo-06.jpg,
7,597,FUNGI,1,Fungi,2,direct,96 | 100,311 | 313,propaedia_pages/part_3/propaedia-2010-part-03-photo-01.jpg | propaedia_pages/part_3/propaedia-2010-part-03-photo-03.jpg,
7,611,GALAXIES,1,Galaxies,1,direct,55,132,propaedia_pages/part_1/propaedia-2010-part-01-photo-12.jpg,
7,670,GARDENING AND HORTICULTURE,1,Gardening and Horticulture,1,direct,138,355,propaedia_pages/part_3/propaedia-2010-part-03-photo-22.jpg,
7,699,The Principles of GENETICS AND HEREDITY,1,"Genetics and Heredity, The Principles of",3,observed_comma_flip,96 | 129 | 145,311 | 339 | 412,propaedia_pages/part_3/propaedia-2010-part-03-photo-01.jpg | propaedia_pages/part_3/propaedia-2010-part-03-photo-15.jpg | propaedia_pages/part_4/propaedia-2010-part-04-photo-02.jpg,
7,748,GEOCHRONOLOGY: The Interpretation and Dating of the Geologic Record,1,Geochronology: The Interpretation and Dating of the Geologic Record,2,direct,88 | 89,242 | 243,propaedia_pages/part_2/propaedia-2010-part-02-photo-11.jpg | propaedia_pages/part_2/propaedia-2010-part-02-photo-12.jpg,
7,76,FAMILY LAW,1,Family Law,1,direct,214,553,propaedia_pages/part_5/propaedia-2010-part-05-photo-21.jpg,
7,87,FARMING and Agricultural Technology,1,Farming and Agricultural Technology,1,direct,138,355,propaedia_pages/part_3/propaedia-2010-part-03-photo-22.jpg,
8,1,GEOMORPHIC PROCESSES,1,Geomorphic Processes,1,direct,84,232,propaedia_pages/part_2/propaedia-2010-part-02-photo-09.jpg,
8,141,The Forms of GOVERNMENT: Their Historical Development,1,"Government, The Forms of: Their Historical Development",1,observed_comma_prefix_colon,204,542,propaedia_pages/part_5/propaedia-2010-part-05-photo-16.jpg,
8,148,GOVERNMENT FINANCE,1,Government Finance,6,direct,192 | 193 | 196 | 199 | 200 | 201,531 | 532 | 533 | 534 | 535 | 536,propaedia_pages/part_5/propaedia-2010-part-05-photo-09.jpg | propaedia_pages/part_5/propaedia-2010-part-05-photo-10.jpg | propaedia_pages/part_5/propaedia-2010-part-05-photo-11.jpg | propaedia_pages/part_5/propaedia-2010-part-05-photo-12.jpg | propaedia_pages/part_5/propaedia-2010-part-05-photo-13.jpg | propaedia_pages/part_5/propaedia-2010-part-05-photo-14.jpg,
8,169,GRAVITATION,1,Gravitation,1,direct,53,131,propaedia_pages/part_1/propaedia-2010-part-01-photo-11.jpg,
8,361,Biological GROWTH AND DEVELOPMENT,1,"Growth and Development, Biological",2,observed_comma_flip,96 | 128,311 | 338,propaedia_pages/part_3/propaedia-2010-part-03-photo-01.jpg | propaedia_pages/part_3/propaedia-2010-part-03-photo-14.jpg,
8,447,GYMNOSPERMS,1,Gymnosperms,1,direct,100,313,propaedia_pages/part_3/propaedia-2010-part-03-photo-03.jpg,
8,646,HORSES AND HORSEMANSHIP,1,Horses and Horsemanship,1,direct,138,355,propaedia_pages/part_3/propaedia-2010-part-03-photo-22.jpg,
8,656,HUMAN RIGHTS,1,Human Rights,1,direct,203,541,propaedia_pages/part_5/propaedia-2010-part-05-photo-15.jpg,
8,682,HUMOUR AND WIT,1,Humour and Wit,1,direct,183,514,propaedia_pages/part_5/propaedia-2010-part-05-photo-04.jpg,
8,715,The HYDROSPHERE,1,"Hydrosphere, The",1,observed_comma_flip,76,222,propaedia_pages/part_2/propaedia-2010-part-02-photo-06.jpg,
8,732,ICE AND ICE FORMATIONS,1,Ice and Ice Formations,2,direct,76 | 84,222 | 232,propaedia_pages/part_2/propaedia-2010-part-02-photo-06.jpg | propaedia_pages/part_2/propaedia-2010-part-02-photo-09.jpg,
8,768,IDEOLOGY,1,Ideology,1,direct,203,541,propaedia_pages/part_5/propaedia-2010-part-05-photo-15.jpg,
8,773,IMMUNITY,1,Immunity,3,direct,135 | 151 | 153,353 | 422 | 423,propaedia_pages/part_3/propaedia-2010-part-03-photo-20.jpg | propaedia_pages/part_4/propaedia-2010-part-04-photo-04.jpg | propaedia_pages/part_4/propaedia-2010-part-04-photo-05.jpg,
9,589,INFECTIOUS DISEASES,1,Infectious Diseases,1,direct,153,423,propaedia_pages/part_4/propaedia-2010-part-04-photo-05.jpg,
9,638,INHERITANCE AND SUCCESSION,1,Inheritance and Succession,2,direct,179 | 214,513 | 553,propaedia_pages/part_5/propaedia-2010-part-05-photo-03.jpg | propaedia_pages/part_5/propaedia-2010-part-05-photo-21.jpg,
9,648,INSECTS,1,Insects,1,direct,100,313,propaedia_pages/part_3/propaedia-2010-part-03-photo-03.jpg,
9,741,INSURANCE,1,Insurance,1,direct,196,533,propaedia_pages/part_5/propaedia-2010-part-05-photo-11.jpg,
9,755,INTEGUMENTARY SYSTEMS,1,Integumentary Systems,4,direct,119 | 123 | 148 | 153,332 | 334 | 421 | 423,propaedia_pages/part_3/propaedia-2010-part-03-photo-08.jpg | propaedia_pages/part_3/propaedia-2010-part-03-photo-10.jpg | propaedia_pages/part_4/propaedia-2010-part-04-photo-03.jpg | propaedia_pages/part_4/propaedia-2010-part-04-photo-05.jpg,
9,775,Human INTELLIGENCE,1,"Intelligence, Human",1,observed_comma_flip,165,434,propaedia_pages/part_4/propaedia-2010-part-04-photo-10.jpg,
9,781,INTELLIGENCE AND COUNTERINTELLIGENCE,1,Intelligence and Counterintelligence,1,direct,207,544,propaedia_pages/part_5/propaedia-2010-part-05-photo-18.jpg,
9,788,INTERNATIONAL LAW,1,International Law,1,direct,211,552,propaedia_pages/part_5/propaedia-2010-part-05-photo-20.jpg,
9,900,INTERNATIONAL TRADE,1,International Trade,6,direct,192 | 193 | 196 | 199 | 200 | 201,531 | 532 | 533 | 534 | 535 | 536,propaedia_pages/part_5/propaedia-2010-part-05-photo-09.jpg | propaedia_pages/part_5/propaedia-2010-part-05-photo-10.jpg | propaedia_pages/part_5/propaedia-2010-part-05-photo-11.jpg | propaedia_pages/part_5/propaedia-2010-part-05-photo-12.jpg | propaedia_pages/part_5/propaedia-2010-part-05-photo-13.jpg | propaedia_pages/part_5/propaedia-2010-part-05-photo-14.jpg,
10,457,JUDICIAL AND ARBITRATIONAL SYSTEMS,1,Judicial and Arbitrational Systems,1,direct,211,552,propaedia_pages/part_5/propaedia-2010-part-05-photo-20.jpg,
10,531,LAKES,1,Lakes,3,direct,76 | 84 | 137,222 | 232 | 354,propaedia_pages/part_2/propaedia-2010-part-02-photo-06.jpg | propaedia_pages/part_2/propaedia-2010-part-02-photo-09.jpg | propaedia_pages/part_3/propaedia-2010-part-03-photo-21.jpg,
10,540,LAND REFORM AND TENURE,1,Land Reform and Tenure,1,direct,199,534,propaedia_pages/part_5/propaedia-2010-part-05-photo-12.jpg,
10,548,LANGUAGE,1,Language,1,direct,183,514,propaedia_pages/part_5/propaedia-2010-part-05-photo-04.jpg,
10,572,LANGUAGES OF THE WORLD,1,Languages of the World,1,direct,183,514,propaedia_pages/part_5/propaedia-2010-part-05-photo-04.jpg,
10,843,The Profession and Practice of LAW,1,"Law, The Profession and Practice of",1,observed_comma_flip,209,551,propaedia_pages/part_5/propaedia-2010-part-05-photo-19.jpg,
10,854,Animal LEARNING,1,"Learning, Animal",1,observed_comma_flip,131,342,propaedia_pages/part_3/propaedia-2010-part-03-photo-17.jpg,
10,870,Human LEARNING AND COGNITION,1,"Learning and Cognition, Human",1,observed_comma_flip,165,435,propaedia_pages/part_4/propaedia-2010-part-04-photo-10.jpg,
10,902,The Evolution of Modern Western LEGAL SYSTEMS,1,"Legal Systems, The Evolution of Modern Western",1,observed_comma_flip,209,551,propaedia_pages/part_5/propaedia-2010-part-05-photo-19.jpg,
10,964,LIFE,1,Life,3,direct,96 | 144 | 145,311 | 411 | 412,propaedia_pages/part_3/propaedia-2010-part-03-photo-01.jpg | propaedia_pages/part_4/propaedia-2010-part-04-photo-01.jpg | propaedia_pages/part_4/propaedia-2010-part-04-photo-02.jpg,
11,1,LIGHT,1,Light,1,direct,50,128,propaedia_pages/part_1/propaedia-2010-part-01-photo-10.jpg,
11,339,MAMMALS,1,Mammals,1,direct,100,313,propaedia_pages/part_3/propaedia-2010-part-03-photo-03.jpg,
11,40,LINGUISTICS,1,Linguistics,1,direct,183,514,propaedia_pages/part_5/propaedia-2010-part-05-photo-04.jpg,
11,495,MARKETING AND MERCHANDISING,1,Marketing and Merchandising,1,direct,196,533,propaedia_pages/part_5/propaedia-2010-part-05-photo-11.jpg,
11,509,MARKETS,1,Markets,2,direct,193 | 196,532 | 533,propaedia_pages/part_5/propaedia-2010-part-05-photo-10.jpg | propaedia_pages/part_5/propaedia-2010-part-05-photo-11.jpg,
11,531,Marx and MARXISM,1,"Marxism, Marx and",1,observed_comma_flip,203,541,propaedia_pages/part_5/propaedia-2010-part-05-photo-15.jpg,
11,612,"MATTER: Its Properties, States, Varieties, and Behaviour",1,"Matter: Its Properties, States, Varieties, and Behaviour",3,direct,39 | 42 | 44,124 | 125 | 126,propaedia_pages/part_1/propaedia-2010-part-01-photo-06.jpg | propaedia_pages/part_1/propaedia-2010-part-01-photo-07.jpg | propaedia_pages/part_1/propaedia-2010-part-01-photo-08.jpg,
11,702,"MECHANICS: Energy, Forces, and Their Effects",1,"Mechanics: Energy, Forces, and Their Effects",1,direct,44,126,propaedia_pages/part_1/propaedia-2010-part-01-photo-08.jpg,
11,774,MEDICINE,1,Medicine,1,direct,159,424,propaedia_pages/part_4/propaedia-2010-part-04-photo-06.jpg,
11,832,MEMORY,1,Memory,1,direct,165,435,propaedia_pages/part_4/propaedia-2010-part-04-photo-10.jpg,
11,841,MENTAL DISORDERS and Their Treatment,1,Mental Disorders and Their Treatment,1,direct,167,436,propaedia_pages/part_4/propaedia-2010-part-04-photo-11.jpg,
11,893,METABOLISM,1,Metabolism,3,direct,96 | 115 | 153,311 | 322 | 423,propaedia_pages/part_3/propaedia-2010-part-03-photo-01.jpg | propaedia_pages/part_3/propaedia-2010-part-03-photo-05.jpg | propaedia_pages/part_4/propaedia-2010-part-04-photo-05.jpg,
12,144,MIMICRY,1,Mimicry,2,direct,96 | 97,311 | 312,propaedia_pages/part_3/propaedia-2010-part-03-photo-01.jpg | propaedia_pages/part_3/propaedia-2010-part-03-photo-02.jpg,
12,162,MINERALS AND ROCKS,1,Minerals and Rocks,3,direct,42 | 67 | 71,125 | 212 | 214,propaedia_pages/part_1/propaedia-2010-part-01-photo-07.jpg | propaedia_pages/part_2/propaedia-2010-part-02-photo-02.jpg | propaedia_pages/part_2/propaedia-2010-part-02-photo-04.jpg,
12,280,MODERNIZATION AND INDUSTRIALIZATION,1,Modernization and Industrialization,3,direct,178 | 187 | 191,512 | 521 | 524,propaedia_pages/part_5/propaedia-2010-part-05-photo-02.jpg | propaedia_pages/part_5/propaedia-2010-part-05-photo-05.jpg | propaedia_pages/part_5/propaedia-2010-part-05-photo-08.jpg,
12,296,MOLLUSKS,1,Mollusks,1,direct,100,313,propaedia_pages/part_3/propaedia-2010-part-03-photo-03.jpg,
12,365,Moss ANIMALS: Phylum Bryozoa,1,Moss Animals: Phylum Bryozoa,1,direct,100,313,propaedia_pages/part_3/propaedia-2010-part-03-photo-03.jpg,
12,436,Human MOTIVATION,1,"Motivation, Human",1,observed_comma_flip,164,433,propaedia_pages/part_4/propaedia-2010-part-04-photo-09.jpg,
12,452,MUSCLES AND MUSCLE SYSTEMS,1,Muscles and Muscle Systems,5,direct,116 | 119 | 123 | 148 | 153,323 | 332 | 334 | 421 | 423,propaedia_pages/part_3/propaedia-2010-part-03-photo-06.jpg | propaedia_pages/part_3/propaedia-2010-part-03-photo-08.jpg | propaedia_pages/part_3/propaedia-2010-part-03-photo-10.jpg | propaedia_pages/part_4/propaedia-2010-part-04-photo-03.jpg | propaedia_pages/part_4/propaedia-2010-part-04-photo-05.jpg,
12,733,NAMES,1,Names,1,direct,183,514,propaedia_pages/part_5/propaedia-2010-part-05-photo-04.jpg,
12,767,NEBULA,1,Nebula,1,direct,55,132,propaedia_pages/part_1/propaedia-2010-part-01-photo-12.jpg,
12,784,NERVES AND NERVOUS SYSTEMS,1,Nerves and Nervous Systems,5,direct,116 | 119 | 121 | 148 | 153,323 | 332 | 333 | 421 | 423,propaedia_pages/part_3/propaedia-2010-part-03-photo-06.jpg | propaedia_pages/part_3/propaedia-2010-part-03-photo-08.jpg | propaedia_pages/part_3/propaedia-2010-part-03-photo-09.jpg | propaedia_pages/part_4/propaedia-2010-part-04-photo-03.jpg | propaedia_pages/part_4/propaedia-2010-part-04-photo-05.jpg,
12,939,NORTH AFRICA,1,North Africa,1,direct,175,511,propaedia_pages/part_5/propaedia-2010-part-05-photo-01.jpg,
13,1004,POLITICAL SYSTEMS,1,Political Systems,2,direct,204 | 205,542 | 543,propaedia_pages/part_5/propaedia-2010-part-05-photo-16.jpg | propaedia_pages/part_5/propaedia-2010-part-05-photo-17.jpg,
13,1034,POPULATION,1,Population,1,direct,191,524,propaedia_pages/part_5/propaedia-2010-part-05-photo-08.jpg,
13,134,OCEANS,1,Oceans,4,direct,76 | 80 | 84 | 137,222 | 231 | 232 | 354,propaedia_pages/part_2/propaedia-2010-part-02-photo-06.jpg | propaedia_pages/part_2/propaedia-2010-part-02-photo-08.jpg | propaedia_pages/part_2/propaedia-2010-part-02-photo-09.jpg | propaedia_pages/part_3/propaedia-2010-part-03-photo-21.jpg,
13,202,Principles of OPTICS,1,"Optics, Principles of",1,observed_comma_flip,50,128,propaedia_pages/part_1/propaedia-2010-part-01-photo-10.jpg,
13,231,PACIFIC ISLANDS,1,Pacific Islands,1,direct,175,511,propaedia_pages/part_5/propaedia-2010-part-05-photo-01.jpg,
13,481,Human PERCEPTION,1,"Perception, Human",1,observed_comma_flip,163,432,propaedia_pages/part_4/propaedia-2010-part-04-photo-08.jpg,
13,50,NUTRITION,1,Nutrition,4,direct,124 | 148 | 151 | 153,335 | 421 | 422 | 423,propaedia_pages/part_3/propaedia-2010-part-03-photo-11.jpg | propaedia_pages/part_4/propaedia-2010-part-04-photo-03.jpg | propaedia_pages/part_4/propaedia-2010-part-04-photo-04.jpg | propaedia_pages/part_4/propaedia-2010-part-04-photo-05.jpg,
13,503,PERSONALITY,1,Personality,1,direct,167,436,propaedia_pages/part_4/propaedia-2010-part-04-photo-11.jpg,
13,652,PHILOSOPHIES OF THE BRANCHES OF KNOWLEDGE,1,Philosophies of the Branches of Knowledge,1,direct,215,561,propaedia_pages/part_5/propaedia-2010-part-05-photo-22.jpg,
13,799,PHOTOSYNTHESIS,2,Photosynthesis,1,direct,96,311,propaedia_pages/part_3/propaedia-2010-part-03-photo-01.jpg,Photosynthesıs
13,807,Principles of PHYSICAL SCIENCE,1,"Physical Science, Principles of",1,observed_comma_flip,22,111,propaedia_pages/part_1/propaedia-2010-part-01-photo-01.jpg,
13,828,The PHYSICAL SCIENCES,1,"Physical Sciences, The",7,observed_comma_flip,22 | 26 | 36 | 39 | 53 | 55 | 58,111 | 112 | 123 | 124 | 131 | 132 | 133,propaedia_pages/part_1/propaedia-2010-part-01-photo-01.jpg | propaedia_pages/part_1/propaedia-2010-part-01-photo-02.jpg | propaedia_pages/part_1/propaedia-2010-part-01-photo-05.jpg | propaedia_pages/part_1/propaedia-2010-part-01-photo-06.jpg | propaedia_pages/part_1/propaedia-2010-part-01-photo-11.jpg | propaedia_pages/part_1/propaedia-2010-part-01-photo-12.jpg | propaedia_pages/part_1/propaedia-2010-part-01-photo-13.jpg,
13,867,PLANTS,1,Plants,3,direct,96 | 100 | 119,311 | 313 | 332,propaedia_pages/part_3/propaedia-2010-part-03-photo-01.jpg | propaedia_pages/part_3/propaedia-2010-part-03-photo-03.jpg | propaedia_pages/part_3/propaedia-2010-part-03-photo-08.jpg,
13,883,PLATE TECTONICS,1,Plate Tectonics,2,direct,80 | 86,231 | 241,propaedia_pages/part_2/propaedia-2010-part-02-photo-08.jpg | propaedia_pages/part_2/propaedia-2010-part-02-photo-10.jpg,
13,908,POISONS AND POISONING,1,Poisons and Poisoning,2,direct,113 | 153,321 | 423,propaedia_pages/part_3/propaedia-2010-part-03-photo-04.jpg | propaedia_pages/part_4/propaedia-2010-part-04-photo-05.jpg,
13,957,POLICE,1,Police,1,direct,205,543,propaedia_pages/part_5/propaedia-2010-part-05-photo-17.jpg,
13,979,POLITICAL PARTIES AND INTEREST GROUPS,1,Political Parties and Interest Groups,2,direct,203 | 205,541 | 543,propaedia_pages/part_5/propaedia-2010-part-05-photo-15.jpg | propaedia_pages/part_5/propaedia-2010-part-05-photo-17.jpg,
13,99,OCCUPATIONAL DISEASES AND DISORDERS,1,Occupational Diseases and Disorders,1,direct,159,424,propaedia_pages/part_4/propaedia-2010-part-04-photo-06.jpg,
14,149,PROCEDURAL LAW,1,Procedural Law,2,direct,211 | 214,552 | 553,propaedia_pages/part_5/propaedia-2010-part-05-photo-20.jpg | propaedia_pages/part_5/propaedia-2010-part-05-photo-21.jpg,
14,171,PROPAGANDA,1,Propaganda,1,direct,187,521,propaedia_pages/part_5/propaedia-2010-part-05-photo-05.jpg,
14,180,PROPERTY LAW,1,Property Law,1,direct,214,553,propaedia_pages/part_5/propaedia-2010-part-05-photo-21.jpg,
14,268,PROTISTS,1,Protists,2,direct,96 | 100,311 | 313,propaedia_pages/part_3/propaedia-2010-part-03-photo-01.jpg | propaedia_pages/part_3/propaedia-2010-part-03-photo-03.jpg,
14,279,PROTOZOA,1,Protozoa,1,direct,100,313,propaedia_pages/part_3/propaedia-2010-part-03-photo-03.jpg,
14,289,PSYCHOLOGICAL TESTS AND MEASUREMENT,1,Psychological Tests and Measurement,1,direct,165,434,propaedia_pages/part_4/propaedia-2010-part-04-photo-10.jpg,
14,294,PUBLIC ADMINISTRATION,1,Public Administration,2,direct,204 | 211,542 | 552,propaedia_pages/part_5/propaedia-2010-part-05-photo-16.jpg | propaedia_pages/part_5/propaedia-2010-part-05-photo-20.jpg,
14,310,PUBLIC OPINION,1,Public Opinion,1,direct,187,521,propaedia_pages/part_5/propaedia-2010-part-05-photo-05.jpg,
14,471,RADIATION,1,Radiation,1,direct,26,112,propaedia_pages/part_1/propaedia-2010-part-01-photo-02.jpg,
14,501,RELATIVITY,1,Relativity,1,direct,53,131,propaedia_pages/part_1/propaedia-2010-part-01-photo-11.jpg,
14,609,REPRODUCTION AND REPRODUCTIVE SYSTEMS,1,Reproduction and Reproductive Systems,4,direct,96 | 119 | 127 | 148,311 | 332 | 337 | 421,propaedia_pages/part_3/propaedia-2010-part-03-photo-01.jpg | propaedia_pages/part_3/propaedia-2010-part-03-photo-08.jpg | propaedia_pages/part_3/propaedia-2010-part-03-photo-13.jpg | propaedia_pages/part_4/propaedia-2010-part-04-photo-03.jpg,
14,688,REPTILES,1,Reptiles,1,direct,100,313,propaedia_pages/part_3/propaedia-2010-part-03-photo-03.jpg,
14,725,RESPIRATION AND RESPIRATORY SYSTEMS,1,Respiration and Respiratory Systems,4,direct,119 | 125 | 148 | 153,332 | 336 | 421 | 423,propaedia_pages/part_3/propaedia-2010-part-03-photo-08.jpg | propaedia_pages/part_3/propaedia-2010-part-03-photo-12.jpg | propaedia_pages/part_4/propaedia-2010-part-04-photo-03.jpg | propaedia_pages/part_4/propaedia-2010-part-04-photo-05.jpg,
14,843,RIVERS,1,Rivers,3,direct,76 | 84 | 137,222 | 232 | 354,propaedia_pages/part_2/propaedia-2010-part-02-photo-06.jpg | propaedia_pages/part_2/propaedia-2010-part-02-photo-09.jpg | propaedia_pages/part_3/propaedia-2010-part-03-photo-21.jpg,
15,115,SENSORY RECEPTION,1,Sensory Reception,4,direct,96 | 121 | 148 | 153,311 | 333 | 421 | 423,propaedia_pages/part_3/propaedia-2010-part-03-photo-01.jpg | propaedia_pages/part_3/propaedia-2010-part-03-photo-09.jpg | propaedia_pages/part_4/propaedia-2010-part-04-photo-03.jpg | propaedia_pages/part_4/propaedia-2010-part-04-photo-05.jpg,
15,233,SEX AND SEXUALITY,1,Sex and Sexuality,3,direct,127 | 164 | 189,337 | 433 | 522,propaedia_pages/part_3/propaedia-2010-part-03-photo-13.jpg | propaedia_pages/part_4/propaedia-2010-part-04-photo-09.jpg | propaedia_pages/part_5/propaedia-2010-part-05-photo-06.jpg,
15,288,SLAVERY,1,Slavery,1,direct,190,523,propaedia_pages/part_5/propaedia-2010-part-05-photo-07.jpg,
15,301,SLEEP AND DREAMS,1,Sleep and Dreams,1,direct,164,433,propaedia_pages/part_4/propaedia-2010-part-04-photo-09.jpg,
15,316,The SOCIAL SCIENCES,1,"Social Sciences, The",15,observed_comma_flip,178 | 179 | 187 | 189 | 190 | 191 | 193 | 196 | 199 | 200 | 201 | 203 | 204 | 205 | 207,512 | 513 | 521 | 522 | 523 | 524 | 532 | 533 | 534 | 535 | 536 | 541 | 542 | 543 | 544,propaedia_pages/part_5/propaedia-2010-part-05-photo-02.jpg | propaedia_pages/part_5/propaedia-2010-part-05-photo-03.jpg | propaedia_pages/part_5/propaedia-2010-part-05-photo-05.jpg | propaedia_pages/part_5/propaedia-2010-part-05-photo-06.jpg | propaedia_pages/part_5/propaedia-2010-part-05-photo-07.jpg | propaedia_pages/part_5/propaedia-2010-part-05-photo-08.jpg | propaedia_pages/part_5/propaedia-2010-part-05-photo-10.jpg | propaedia_pages/part_5/propaedia-2010-part-05-photo-11.jpg | propaedia_pages/part_5/propaedia-2010-part-05-photo-12.jpg | propaedia_pages/part_5/propaedia-2010-part-05-photo-13.jpg | propaedia_pages/part_5/propaedia-2010-part-05-photo-14.jpg | propaedia_pages/part_5/propaedia-2010-part-05-photo-15.jpg | propaedia_pages/part_5/propaedia-2010-part-05-photo-16.jpg | propaedia_pages/part_5/propaedia-2010-part-05-photo-17.jpg | propaedia_pages/part_5/propaedia-2010-part-05-photo-18.jpg,
15,365,SOCIAL STRUCTURE AND CHANGE,1,Social Structure and Change,2,direct,178 | 187,512 | 521,propaedia_pages/part_5/propaedia-2010-part-05-photo-02.jpg | propaedia_pages/part_5/propaedia-2010-part-05-photo-05.jpg,
15,372,SOCIAL WELFARE,1,Social Welfare,2,direct,189 | 199,522 | 534,propaedia_pages/part_5/propaedia-2010-part-05-photo-06.jpg | propaedia_pages/part_5/propaedia-2010-part-05-photo-12.jpg,
15,393,Modern SOCIO-ECONOMIC DOCTRINES AND REFORM MOVEMENTS,1,"Socio-Economic Doctrines and Reform Movements, Modern",1,observed_comma_flip,203,541,propaedia_pages/part_5/propaedia-2010-part-05-photo-15.jpg,
15,441,SOILS,1,Soils,1,direct,84,232,propaedia_pages/part_2/propaedia-2010-part-02-photo-09.jpg,
15,452,The SOLAR SYSTEM,1,"Solar System, The",2,observed_comma_flip,58 | 66,133 | 211,propaedia_pages/part_1/propaedia-2010-part-01-photo-13.jpg | propaedia_pages/part_2/propaedia-2010-part-02-photo-01.jpg,
15,556,SOUND,1,Sound,1,direct,50,128,propaedia_pages/part_1/propaedia-2010-part-01-photo-10.jpg,
16,100,Major Team and Individual SPORTS,1,"Sports, Major Team and Individual",1,observed_comma_flip,179,513,propaedia_pages/part_5/propaedia-2010-part-05-photo-03.jpg,
16,185,STARS AND STAR CLUSTERS,1,Stars and Star Clusters,1,direct,55,132,propaedia_pages/part_1/propaedia-2010-part-01-photo-12.jpg,
16,236,SUBATOMIC PARTICLES,1,Subatomic Particles,1,direct,26,112,propaedia_pages/part_1/propaedia-2010-part-01-photo-02.jpg,
16,272,SUPPORTIVE AND CONNECTIVE TISSUES,1,Supportive and Connective Tissues,4,direct,119 | 123 | 148 | 153,332 | 334 | 421 | 423,propaedia_pages/part_3/propaedia-2010-part-03-photo-08.jpg | propaedia_pages/part_3/propaedia-2010-part-03-photo-10.jpg | propaedia_pages/part_4/propaedia-2010-part-04-photo-03.jpg | propaedia_pages/part_4/propaedia-2010-part-04-photo-05.jpg,
16,397,TAXATION,1,Taxation,2,direct,199 | 211,534 | 552,propaedia_pages/part_5/propaedia-2010-part-05-photo-12.jpg | propaedia_pages/part_5/propaedia-2010-part-05-photo-20.jpg,
16,422,TEACHING,1,Teaching,2,direct,215 | 217,561 | 562,propaedia_pages/part_5/propaedia-2010-part-05-photo-22.jpg | propaedia_pages/part_5/propaedia-2010-part-05-photo-23.jpg,
16,619,Principles of THERMODYNAMICS,1,"Thermodynamics, Principles of",1,observed_comma_flip,39,124,propaedia_pages/part_1/propaedia-2010-part-01-photo-06.jpg,
16,650,THOUGHT AND THOUGHT PROCESSES,1,Thought and Thought Processes,1,direct,165,435,propaedia_pages/part_4/propaedia-2010-part-04-photo-10.jpg,
16,72,SPEECH,1,Speech,1,direct,183,514,propaedia_pages/part_5/propaedia-2010-part-05-photo-04.jpg,
16,744,TORTS,1,Torts,1,direct,214,553,propaedia_pages/part_5/propaedia-2010-part-05-photo-21.jpg,
16,751,TRANSCAUCASIA,1,Transcaucasia,1,direct,175,511,propaedia_pages/part_5/propaedia-2010-part-05-photo-01.jpg,
16,774,Organ and Tissue TRANSPLANTS,1,"Transplants, Organ and Tissue",1,observed_comma_flip,153,423,propaedia_pages/part_4/propaedia-2010-part-04-photo-05.jpg,
16,889,TRANSPORTATION LAW,1,Transportation Law,1,direct,214,553,propaedia_pages/part_5/propaedia-2010-part-05-photo-21.jpg,
16,903,TREES,1,Trees,1,direct,137,354,propaedia_pages/part_3/propaedia-2010-part-03-photo-21.jpg,
16,93,SPONGES: Phylum Porifera,1,Sponges: Phylum Porifera,1,direct,100,313,propaedia_pages/part_3/propaedia-2010-part-03-photo-03.jpg,
17,1025,WRITING,1,Writing,1,direct,183,514,propaedia_pages/part_5/propaedia-2010-part-05-photo-04.jpg,
17,138,UNITED NATIONS,1,United Nations,2,direct,207 | 211,544 | 552,propaedia_pages/part_5/propaedia-2010-part-05-photo-18.jpg | propaedia_pages/part_5/propaedia-2010-part-05-photo-20.jpg,
17,503,VIRUSES,1,Viruses,1,direct,100,313,propaedia_pages/part_3/propaedia-2010-part-03-photo-03.jpg,
17,509,VOLCANISM,1,Volcanism,6,direct,67 | 71 | 80 | 84 | 86 | 89,212 | 214 | 231 | 232 | 241 | 243,propaedia_pages/part_2/propaedia-2010-part-02-photo-02.jpg | propaedia_pages/part_2/propaedia-2010-part-02-photo-04.jpg | propaedia_pages/part_2/propaedia-2010-part-02-photo-08.jpg | propaedia_pages/part_2/propaedia-2010-part-02-photo-09.jpg | propaedia_pages/part_2/propaedia-2010-part-02-photo-10.jpg | propaedia_pages/part_2/propaedia-2010-part-02-photo-12.jpg,
17,628,The Theory and Conduct of WAR,1,"War, The Theory and Conduct of",2,observed_comma_flip,207 | 211,544 | 552,propaedia_pages/part_5/propaedia-2010-part-05-photo-18.jpg | propaedia_pages/part_5/propaedia-2010-part-05-photo-20.jpg,
17,721,The WEST INDIES,1,West Indies,1,direct,175,511,propaedia_pages/part_5/propaedia-2010-part-05-photo-01.jpg,
17,790,WESTERN AFRICA,1,Western Africa,1,direct,175,511,propaedia_pages/part_5/propaedia-2010-part-05-photo-01.jpg,
17,916,WORK AND EMPLOYMENT,2,Work and Employment,1,direct,196,533,propaedia_pages/part_5/propaedia-2010-part-05-photo-11.jpg,Workand Employment
