volume_number,start_page_label,macropaedia_contents_name,observed_propaedia_name,match_method,extraction_method,part_number,capture_sequence,block_index,section_code,propaedia_page_reference,source_image_relative_path
1,523,Physical and Chemical ANALYSIS AND MEASUREMENT,"Analysis and Measurement, Physical and Chemical",observed_comma_flip,single_ocr_line,1,1,1,111,22,propaedia_pages/part_1/propaedia-2010-part-01-photo-01.jpg
2,339,"Atoms: Their Structure, Properties, and Component Particles","Atoms: Their Structure, Properties, and Component Particles",direct,single_ocr_line,1,1,1,111,22,propaedia_pages/part_1/propaedia-2010-part-01-photo-01.jpg
13,807,Principles of PHYSICAL SCIENCE,"Physical Science, Principles of",observed_comma_flip,single_ocr_line,1,1,1,111,22,propaedia_pages/part_1/propaedia-2010-part-01-photo-01.jpg
13,828,The PHYSICAL SCIENCES,"Physical Sciences, The",observed_comma_flip,single_ocr_line,1,1,1,111,22,propaedia_pages/part_1/propaedia-2010-part-01-photo-01.jpg
14,471,RADIATION,Radiation,direct,single_ocr_line,1,2,1,112,26,propaedia_pages/part_1/propaedia-2010-part-01-photo-02.jpg
1,523,Physical and Chemical ANALYSIS AND MEASUREMENT,"Analysis and Measurement, Physical and Chemical",observed_comma_flip,single_ocr_line,1,2,1,112,26,propaedia_pages/part_1/propaedia-2010-part-01-photo-02.jpg
16,236,SUBATOMIC PARTICLES,Subatomic Particles,direct,combined_2_fragment_titles,1,2,1,112,26,propaedia_pages/part_1/propaedia-2010-part-01-photo-02.jpg
2,339,"Atoms: Their Structure, Properties, and Component Particles","Atoms: Their Structure, Properties, and Component Particles",direct,single_ocr_line,1,2,1,112,26,propaedia_pages/part_1/propaedia-2010-part-01-photo-02.jpg
13,828,The PHYSICAL SCIENCES,"Physical Sciences, The",observed_comma_flip,single_ocr_line,1,2,1,112,26,propaedia_pages/part_1/propaedia-2010-part-01-photo-02.jpg
3,777,CHEMICAL COMPOUNDS,Chemical Compounds,direct,single_ocr_line,1,3,1,121,28,propaedia_pages/part_1/propaedia-2010-part-01-photo-03.jpg
3,932,CHEMICAL ELEMENTS,Chemical Elements,direct,single_ocr_line,1,3,1,121,28,propaedia_pages/part_1/propaedia-2010-part-01-photo-03.jpg
2,1007,Biochemical Components of Organisms,Biochemical Components of Organisms,direct,single_ocr_line,1,4,1,122,32,propaedia_pages/part_1/propaedia-2010-part-01-photo-04.jpg
3,777,CHEMICAL COMPOUNDS,Chemical Compounds,direct,single_ocr_line,1,4,1,122,32,propaedia_pages/part_1/propaedia-2010-part-01-photo-04.jpg
3,1039,CHEMICAL REACTIONS,Chemical Reactions,direct,single_ocr_line,1,5,1,123,36,propaedia_pages/part_1/propaedia-2010-part-01-photo-05.jpg
13,828,The PHYSICAL SCIENCES,"Physical Sciences, The",observed_comma_flip,single_ocr_line,1,5,1,123,36,propaedia_pages/part_1/propaedia-2010-part-01-photo-05.jpg
11,612,"MATTER: Its Properties, States, Varieties, and Behaviour","Matter: Its Properties, States, Varieties, and Behaviour",direct,single_ocr_line,1,6,1,124,39,propaedia_pages/part_1/propaedia-2010-part-01-photo-06.jpg
13,828,The PHYSICAL SCIENCES,"Physical Sciences, The",observed_comma_flip,single_ocr_line,1,6,1,124,39,propaedia_pages/part_1/propaedia-2010-part-01-photo-06.jpg
16,619,Principles of THERMODYNAMICS,"Thermodynamics, Principles of",observed_comma_flip,single_ocr_line,1,6,1,124,39,propaedia_pages/part_1/propaedia-2010-part-01-photo-06.jpg
11,612,"MATTER: Its Properties, States, Varieties, and Behaviour","Matter: Its Properties, States, Varieties, and Behaviour",direct,single_ocr_line,1,7,1,125,42,propaedia_pages/part_1/propaedia-2010-part-01-photo-07.jpg
12,162,MINERALS AND ROCKS,Minerals and Rocks,direct,single_ocr_line,1,7,1,125,42,propaedia_pages/part_1/propaedia-2010-part-01-photo-07.jpg
6,332,ENERGY CONVERSION,Energy Conversion,direct,single_ocr_line,1,8,1,126,44,propaedia_pages/part_1/propaedia-2010-part-01-photo-08.jpg
11,612,"MATTER: Its Properties, States, Varieties, and Behaviour","Matter: Its Properties, States, Varieties, and Behaviour",direct,single_ocr_line,1,8,1,126,44,propaedia_pages/part_1/propaedia-2010-part-01-photo-08.jpg
11,702,"MECHANICS: Energy, Forces, and Their Effects","Mechanics: Energy, Forces, and Their Effects",direct,single_ocr_line,1,8,1,126,44,propaedia_pages/part_1/propaedia-2010-part-01-photo-08.jpg
6,332,ENERGY CONVERSION,Energy Conversion,direct,single_ocr_line,1,9,1,127,47,propaedia_pages/part_1/propaedia-2010-part-01-photo-09.jpg
6,159,ELECTRICITY AND MAGNETISM,Electricity and Magnetism,direct,single_ocr_line,1,9,1,127,47,propaedia_pages/part_1/propaedia-2010-part-01-photo-09.jpg
6,195,ELECTROMAGNETIC RADIATION,Electromagnetic Radiation,direct,single_ocr_line,1,9,1,127,47,propaedia_pages/part_1/propaedia-2010-part-01-photo-09.jpg
4,595,COLOUR,Colour,direct,single_ocr_line,1,10,1,128,50,propaedia_pages/part_1/propaedia-2010-part-01-photo-10.jpg
6,195,ELECTROMAGNETIC RADIATION,Electromagnetic Radiation,direct,single_ocr_line,1,10,1,128,50,propaedia_pages/part_1/propaedia-2010-part-01-photo-10.jpg
13,202,Principles of OPTICS,"Optics, Principles of",observed_comma_flip,single_ocr_line,1,10,1,128,50,propaedia_pages/part_1/propaedia-2010-part-01-photo-10.jpg
15,556,SOUND,Sound,direct,single_ocr_line,1,10,1,128,50,propaedia_pages/part_1/propaedia-2010-part-01-photo-10.jpg
11,1,LIGHT,Light,direct,single_ocr_line,1,10,1,128,50,propaedia_pages/part_1/propaedia-2010-part-01-photo-10.jpg
1,523,Physical and Chemical ANALYSIS AND MEASUREMENT,"Analysis and Measurement, Physical and Chemical",observed_comma_flip,single_ocr_line,1,11,1,131,53,propaedia_pages/part_1/propaedia-2010-part-01-photo-11.jpg
4,762,The Cosmos,"Cosmos, The",observed_comma_flip,single_ocr_line,1,11,1,131,53,propaedia_pages/part_1/propaedia-2010-part-01-photo-11.jpg
8,169,GRAVITATION,Gravitation,direct,single_ocr_line,1,11,1,131,53,propaedia_pages/part_1/propaedia-2010-part-01-photo-11.jpg
13,828,The PHYSICAL SCIENCES,"Physical Sciences, The",observed_comma_flip,single_ocr_line,1,11,1,131,53,propaedia_pages/part_1/propaedia-2010-part-01-photo-11.jpg
14,501,RELATIVITY,Relativity,direct,single_ocr_line,1,11,1,131,53,propaedia_pages/part_1/propaedia-2010-part-01-photo-11.jpg
4,762,The Cosmos,"Cosmos, The",observed_comma_flip,single_ocr_line,1,12,1,132,55,propaedia_pages/part_1/propaedia-2010-part-01-photo-12.jpg
7,611,GALAXIES,Galaxies,direct,single_ocr_line,1,12,1,132,55,propaedia_pages/part_1/propaedia-2010-part-01-photo-12.jpg
12,767,NEBULA,Nebula,direct,single_ocr_line,1,12,1,132,55,propaedia_pages/part_1/propaedia-2010-part-01-photo-12.jpg
13,828,The PHYSICAL SCIENCES,"Physical Sciences, The",observed_comma_flip,single_ocr_line,1,12,1,132,55,propaedia_pages/part_1/propaedia-2010-part-01-photo-12.jpg
16,185,STARS AND STAR CLUSTERS,Stars and Star Clusters,direct,single_ocr_line,1,12,1,132,55,propaedia_pages/part_1/propaedia-2010-part-01-photo-12.jpg
3,417,CALENDAR,Calendar,direct,single_ocr_line,1,13,1,133,58,propaedia_pages/part_1/propaedia-2010-part-01-photo-13.jpg
5,569,"The EARTH: Its Properties, Composition, and Structure","Earth, The: Its Properties, Composition, and Structure",observed_comma_article_colon,single_ocr_line,1,13,1,133,58,propaedia_pages/part_1/propaedia-2010-part-01-photo-13.jpg
5,866,"ECLIPSE, OCCULTATION, AND TRANSIT","Eclipse, Occultation, and Transit",direct,single_ocr_line,1,13,1,133,58,propaedia_pages/part_1/propaedia-2010-part-01-photo-13.jpg
13,828,The PHYSICAL SCIENCES,"Physical Sciences, The",observed_comma_flip,single_ocr_line,1,13,1,133,58,propaedia_pages/part_1/propaedia-2010-part-01-photo-13.jpg
15,452,The SOLAR SYSTEM,"Solar System, The",observed_comma_flip,single_ocr_line,1,13,1,133,58,propaedia_pages/part_1/propaedia-2010-part-01-photo-13.jpg
5,569,"The EARTH: Its Properties, Composition, and Structure","Earth, The: Its Properties, Composition, and Structure",observed_comma_article_colon,single_ocr_line,2,1,1,211,66,propaedia_pages/part_2/propaedia-2010-part-02-photo-01.jpg
15,452,The SOLAR SYSTEM,"Solar System, The",observed_comma_flip,single_ocr_line,2,1,1,211,66,propaedia_pages/part_2/propaedia-2010-part-02-photo-01.jpg
5,569,"The EARTH: Its Properties, Composition, and Structure","Earth, The: Its Properties, Composition, and Structure",observed_comma_article_colon,single_ocr_line,2,2,1,212,67,propaedia_pages/part_2/propaedia-2010-part-02-photo-02.jpg
12,162,MINERALS AND ROCKS,Minerals and Rocks,direct,single_ocr_line,2,2,1,212,67,propaedia_pages/part_2/propaedia-2010-part-02-photo-02.jpg
17,509,VOLCANISM,Volcanism,direct,single_ocr_line,2,2,1,212,67,propaedia_pages/part_2/propaedia-2010-part-02-photo-02.jpg
5,569,"The EARTH: Its Properties, Composition, and Structure","Earth, The: Its Properties, Composition, and Structure",observed_comma_article_colon,single_ocr_line,2,3,1,213,68,propaedia_pages/part_2/propaedia-2010-part-02-photo-03.jpg
5,655,EARTHQUAKES,Earthquakes,direct,single_ocr_line,2,3,1,213,68,propaedia_pages/part_2/propaedia-2010-part-02-photo-03.jpg
3,932,CHEMICAL ELEMENTS,Chemical Elements,direct,single_ocr_line,2,4,1,214,71,propaedia_pages/part_2/propaedia-2010-part-02-photo-04.jpg
5,569,"The EARTH: Its Properties, Composition, and Structure","Earth, The: Its Properties, Composition, and Structure",observed_comma_article_colon,single_ocr_line,2,4,1,214,71,propaedia_pages/part_2/propaedia-2010-part-02-photo-04.jpg
7,572,Fossil FUELS,"Fuels, Fossil",observed_comma_flip,single_ocr_line,2,4,1,214,71,propaedia_pages/part_2/propaedia-2010-part-02-photo-04.jpg
12,162,MINERALS AND ROCKS,Minerals and Rocks,direct,single_ocr_line,2,4,1,214,71,propaedia_pages/part_2/propaedia-2010-part-02-photo-04.jpg
17,509,VOLCANISM,Volcanism,direct,single_ocr_line,2,4,1,214,71,propaedia_pages/part_2/propaedia-2010-part-02-photo-04.jpg
2,315,ATMOSPHERE,Atmosphere,direct,single_ocr_line,2,5,1,221,74,propaedia_pages/part_2/propaedia-2010-part-02-photo-05.jpg
5,569,"The EARTH: Its Properties, Composition, and Structure","Earth, The: Its Properties, Composition, and Structure",observed_comma_article_colon,combined_2_fragment_titles,2,6,1,222,76,propaedia_pages/part_2/propaedia-2010-part-02-photo-06.jpg
10,531,LAKES,Lakes,direct,single_ocr_line,2,6,1,222,76,propaedia_pages/part_2/propaedia-2010-part-02-photo-06.jpg
13,134,OCEANS,Oceans,direct,single_ocr_line,2,6,1,222,76,propaedia_pages/part_2/propaedia-2010-part-02-photo-06.jpg
8,715,The HYDROSPHERE,"Hydrosphere, The",observed_comma_flip,single_ocr_line,2,6,1,222,76,propaedia_pages/part_2/propaedia-2010-part-02-photo-06.jpg
14,843,RIVERS,Rivers,direct,single_ocr_line,2,6,1,222,76,propaedia_pages/part_2/propaedia-2010-part-02-photo-06.jpg
8,732,ICE AND ICE FORMATIONS,Ice and Ice Formations,direct,single_ocr_line,2,6,1,222,76,propaedia_pages/part_2/propaedia-2010-part-02-photo-06.jpg
4,436,CLIMATE AND WEATHER,Climate and Weather,direct,single_ocr_line,2,7,1,223,78,propaedia_pages/part_2/propaedia-2010-part-02-photo-07.jpg
4,704,CONTINENTAL LANDFORMS,Continental Landforms,direct,single_ocr_line,2,8,1,231,80,propaedia_pages/part_2/propaedia-2010-part-02-photo-08.jpg
5,569,"The EARTH: Its Properties, Composition, and Structure","Earth, The: Its Properties, Composition, and Structure",observed_comma_article_colon,combined_2_fragment_titles,2,8,1,231,80,propaedia_pages/part_2/propaedia-2010-part-02-photo-08.jpg
13,134,OCEANS,Oceans,direct,single_ocr_line,2,8,1,231,80,propaedia_pages/part_2/propaedia-2010-part-02-photo-08.jpg
13,883,PLATE TECTONICS,Plate Tectonics,direct,single_ocr_line,2,8,1,231,80,propaedia_pages/part_2/propaedia-2010-part-02-photo-08.jpg
17,509,VOLCANISM,Volcanism,direct,single_ocr_line,2,8,1,231,80,propaedia_pages/part_2/propaedia-2010-part-02-photo-08.jpg
10,531,LAKES,Lakes,direct,single_ocr_line,2,9,1,232,84,propaedia_pages/part_2/propaedia-2010-part-02-photo-09.jpg
4,704,CONTINENTAL LANDFORMS,Continental Landforms,direct,single_ocr_line,2,9,1,232,84,propaedia_pages/part_2/propaedia-2010-part-02-photo-09.jpg
13,134,OCEANS,Oceans,direct,single_ocr_line,2,9,1,232,84,propaedia_pages/part_2/propaedia-2010-part-02-photo-09.jpg
5,569,"The EARTH: Its Properties, Composition, and Structure","Earth, The: Its Properties, Composition, and Structure",observed_comma_article_colon,combined_2_fragment_titles,2,9,1,232,84,propaedia_pages/part_2/propaedia-2010-part-02-photo-09.jpg
14,843,RIVERS,Rivers,direct,single_ocr_line,2,9,1,232,84,propaedia_pages/part_2/propaedia-2010-part-02-photo-09.jpg
15,441,SOILS,Soils,direct,single_ocr_line,2,9,1,232,84,propaedia_pages/part_2/propaedia-2010-part-02-photo-09.jpg
8,1,GEOMORPHIC PROCESSES,Geomorphic Processes,direct,single_ocr_line,2,9,1,232,84,propaedia_pages/part_2/propaedia-2010-part-02-photo-09.jpg
17,509,VOLCANISM,Volcanism,direct,single_ocr_line,2,9,1,232,84,propaedia_pages/part_2/propaedia-2010-part-02-photo-09.jpg
8,732,ICE AND ICE FORMATIONS,Ice and Ice Formations,direct,single_ocr_line,2,9,1,232,84,propaedia_pages/part_2/propaedia-2010-part-02-photo-09.jpg
2,315,ATMOSPHERE,Atmosphere,direct,single_ocr_line,2,10,1,241,86,propaedia_pages/part_2/propaedia-2010-part-02-photo-10.jpg
5,569,"The EARTH: Its Properties, Composition, and Structure","Earth, The: Its Properties, Composition, and Structure",observed_comma_article_colon,single_ocr_line,2,10,1,241,86,propaedia_pages/part_2/propaedia-2010-part-02-photo-10.jpg
13,883,PLATE TECTONICS,Plate Tectonics,direct,single_ocr_line,2,10,1,241,86,propaedia_pages/part_2/propaedia-2010-part-02-photo-10.jpg
17,509,VOLCANISM,Volcanism,direct,single_ocr_line,2,10,1,241,86,propaedia_pages/part_2/propaedia-2010-part-02-photo-10.jpg
5,569,"The EARTH: Its Properties, Composition, and Structure","Earth, The: Its Properties, Composition, and Structure",observed_comma_article_colon,single_ocr_line,2,11,1,242,88,propaedia_pages/part_2/propaedia-2010-part-02-photo-11.jpg
7,748,GEOCHRONOLOGY: The Interpretation and Dating of the Geologic Record,Geochronology: The Interpretation and Dating of the Geologic Record,direct,single_ocr_line,2,11,1,242,88,propaedia_pages/part_2/propaedia-2010-part-02-photo-11.jpg
5,569,"The EARTH: Its Properties, Composition, and Structure","Earth, The: Its Properties, Composition, and Structure",observed_comma_article_colon,single_ocr_line,2,12,1,243,89,propaedia_pages/part_2/propaedia-2010-part-02-photo-12.jpg
7,748,GEOCHRONOLOGY: The Interpretation and Dating of the Geologic Record,Geochronology: The Interpretation and Dating of the Geologic Record,direct,single_ocr_line,2,12,1,243,89,propaedia_pages/part_2/propaedia-2010-part-02-photo-12.jpg
17,509,VOLCANISM,Volcanism,direct,single_ocr_line,2,12,1,243,89,propaedia_pages/part_2/propaedia-2010-part-02-photo-12.jpg
8,361,Biological GROWTH AND DEVELOPMENT,"Growth and Development, Biological",observed_comma_flip,single_ocr_line,3,1,1,311,96,propaedia_pages/part_3/propaedia-2010-part-03-photo-01.jpg
1,766,ANIMALS,Animals,direct,single_ocr_line,3,1,1,311,96,propaedia_pages/part_3/propaedia-2010-part-03-photo-01.jpg
10,964,LIFE,Life,direct,single_ocr_line,3,1,1,311,96,propaedia_pages/part_3/propaedia-2010-part-03-photo-01.jpg
2,570,BACTERIA AND OTHER MONERANS,Bacteria and Other Monerans,direct,single_ocr_line,3,1,1,311,96,propaedia_pages/part_3/propaedia-2010-part-03-photo-01.jpg
11,893,METABOLISM,Metabolism,direct,single_ocr_line,3,1,1,311,96,propaedia_pages/part_3/propaedia-2010-part-03-photo-01.jpg
2,744,Animal BEHAVIOUR,"Behaviour, Animal",observed_comma_flip,single_ocr_line,3,1,1,311,96,propaedia_pages/part_3/propaedia-2010-part-03-photo-01.jpg
12,144,MIMICRY,Mimicry,direct,single_ocr_line,3,1,1,311,96,propaedia_pages/part_3/propaedia-2010-part-03-photo-01.jpg
2,1069,The BIOLOGICAL SCIENCES,"Biological Sciences, The",observed_comma_flip,single_ocr_line,3,1,1,311,96,propaedia_pages/part_3/propaedia-2010-part-03-photo-01.jpg
13,799,PHOTOSYNTHESIS,Photosynthesis,direct,single_ocr_line,3,1,1,311,96,propaedia_pages/part_3/propaedia-2010-part-03-photo-01.jpg
13,867,PLANTS,Plants,direct,single_ocr_line,3,1,1,311,96,propaedia_pages/part_3/propaedia-2010-part-03-photo-01.jpg
3,565,CELLS: Their Structures and Functions,Cells: Their Structures and Functions,direct,single_ocr_line,3,1,1,311,96,propaedia_pages/part_3/propaedia-2010-part-03-photo-01.jpg
14,268,PROTISTS,Protists,direct,single_ocr_line,3,1,1,311,96,propaedia_pages/part_3/propaedia-2010-part-03-photo-01.jpg
4,585,Biological COLORATION,"Coloration, Biological",observed_comma_flip,combined_2_adjacent_ocr_lines_reordered,3,1,1,311,96,propaedia_pages/part_3/propaedia-2010-part-03-photo-01.jpg
14,609,REPRODUCTION AND REPRODUCTIVE SYSTEMS,Reproduction and Reproductive Systems,direct,single_ocr_line,3,1,1,311,96,propaedia_pages/part_3/propaedia-2010-part-03-photo-01.jpg
6,855,The Theory of EVOLUTION,"Evolution, The Theory of",observed_comma_flip,single_ocr_line,3,1,1,311,96,propaedia_pages/part_3/propaedia-2010-part-03-photo-01.jpg
15,115,SENSORY RECEPTION,Sensory Reception,direct,single_ocr_line,3,1,1,311,96,propaedia_pages/part_3/propaedia-2010-part-03-photo-01.jpg
7,597,FUNGI,Fungi,direct,single_ocr_line,3,1,1,311,96,propaedia_pages/part_3/propaedia-2010-part-03-photo-01.jpg
7,699,The Principles of GENETICS AND HEREDITY,"Genetics and Heredity, The Principles of",observed_comma_flip,single_ocr_line,3,1,1,311,96,propaedia_pages/part_3/propaedia-2010-part-03-photo-01.jpg
4,585,Biological COLORATION,"Coloration, Biological",observed_comma_flip,single_ocr_line,3,2,1,312,97,propaedia_pages/part_3/propaedia-2010-part-03-photo-02.jpg
4,977,DARWIN,Darwin,direct,single_ocr_line,3,2,1,312,97,propaedia_pages/part_3/propaedia-2010-part-03-photo-02.jpg
6,812,Human EVOLUTION,"Evolution, Human",observed_comma_flip,single_ocr_line,3,2,1,312,97,propaedia_pages/part_3/propaedia-2010-part-03-photo-02.jpg
6,855,The Theory of EVOLUTION,"Evolution, The Theory of",observed_comma_flip,single_ocr_line,3,2,1,312,97,propaedia_pages/part_3/propaedia-2010-part-03-photo-02.jpg
12,144,MIMICRY,Mimicry,direct,single_ocr_line,3,2,1,312,97,propaedia_pages/part_3/propaedia-2010-part-03-photo-02.jpg
1,234,ALGAE,Algae,direct,single_ocr_line,3,3,1,313,100,propaedia_pages/part_3/propaedia-2010-part-03-photo-03.jpg
1,418,AMPHIBIANS,Amphibians,direct,single_ocr_line,3,3,1,313,100,propaedia_pages/part_3/propaedia-2010-part-03-photo-03.jpg
1,603,ANGIOSPERMS: The Flowering Plants,Angiosperms: The Flowering Plants,direct,combined_2_adjacent_ocr_lines,3,3,1,313,100,propaedia_pages/part_3/propaedia-2010-part-03-photo-03.jpg
1,766,ANIMALS,Animals,direct,single_ocr_line,3,3,1,313,100,propaedia_pages/part_3/propaedia-2010-part-03-photo-03.jpg
1,778,ANNELIDS,Annelids,direct,single_ocr_line,3,3,1,313,100,propaedia_pages/part_3/propaedia-2010-part-03-photo-03.jpg
1,853,ARACHNIDS,Arachnids,direct,single_ocr_line,3,3,1,313,100,propaedia_pages/part_3/propaedia-2010-part-03-photo-03.jpg
2,108,ARTHROPODS,Arthropods,direct,single_ocr_line,3,3,1,313,100,propaedia_pages/part_3/propaedia-2010-part-03-photo-03.jpg
2,122,ASCHELMINTHS,Aschelminths,direct,single_ocr_line,3,3,1,313,100,propaedia_pages/part_3/propaedia-2010-part-03-photo-03.jpg
2,570,BACTERIA AND OTHER MONERANS,Bacteria and Other Monerans,direct,combined_2_adjacent_ocr_lines,3,3,1,313,100,propaedia_pages/part_3/propaedia-2010-part-03-photo-03.jpg
3,1,BIRDS,Birds,direct,single_ocr_line,3,3,1,313,100,propaedia_pages/part_3/propaedia-2010-part-03-photo-03.jpg
3,252,BRYOPHYTES,Bryophytes,direct,single_ocr_line,3,3,1,313,100,propaedia_pages/part_3/propaedia-2010-part-03-photo-03.jpg
4,241,CHORDATES,Chordates,direct,single_ocr_line,3,3,1,313,100,propaedia_pages/part_3/propaedia-2010-part-03-photo-03.jpg
4,523,CNIDARIANS,Cnidarians,direct,single_ocr_line,3,3,1,313,100,propaedia_pages/part_3/propaedia-2010-part-03-photo-03.jpg
4,840,CRUSTACEANS,Crustaceans,direct,single_ocr_line,3,3,1,313,100,propaedia_pages/part_3/propaedia-2010-part-03-photo-03.jpg
5,315,DINOSAURS,Dinosaurs,direct,single_ocr_line,3,3,1,313,100,propaedia_pages/part_3/propaedia-2010-part-03-photo-03.jpg
5,857,ECHINODERMS,Echinoderms,direct,single_ocr_line,3,3,1,313,100,propaedia_pages/part_3/propaedia-2010-part-03-photo-03.jpg
7,163,FERNS AND OTHER LOWER VASCULAR PLANTS,Ferns and Other Lower Vascular Plants,direct,combined_3_adjacent_ocr_lines,3,3,1,313,100,propaedia_pages/part_3/propaedia-2010-part-03-photo-03.jpg
7,192,FISHES,Fishes,direct,single_ocr_line,3,3,1,313,100,propaedia_pages/part_3/propaedia-2010-part-03-photo-03.jpg
7,294,FLATWORMS: Phylum Platyhelminthes,Flatworms: Phylum Platyhelminthes,direct,combined_3_adjacent_ocr_lines,3,3,1,313,100,propaedia_pages/part_3/propaedia-2010-part-03-photo-03.jpg
7,597,FUNGI,Fungi,direct,single_ocr_line,3,3,1,313,100,propaedia_pages/part_3/propaedia-2010-part-03-photo-03.jpg
8,447,GYMNOSPERMS,Gymnosperms,direct,single_ocr_line,3,3,1,313,100,propaedia_pages/part_3/propaedia-2010-part-03-photo-03.jpg
9,648,INSECTS,Insects,direct,single_ocr_line,3,3,1,313,100,propaedia_pages/part_3/propaedia-2010-part-03-photo-03.jpg
11,339,MAMMALS,Mammals,direct,single_ocr_line,3,3,1,313,100,propaedia_pages/part_3/propaedia-2010-part-03-photo-03.jpg
12,296,MOLLUSKS,Mollusks,direct,single_ocr_line,3,3,1,313,100,propaedia_pages/part_3/propaedia-2010-part-03-photo-03.jpg
12,365,Moss ANIMALS: Phylum Bryozoa,Moss Animals: Phylum Bryozoa,direct,combined_2_adjacent_ocr_lines,3,3,1,313,100,propaedia_pages/part_3/propaedia-2010-part-03-photo-03.jpg
13,867,PLANTS,Plants,direct,single_ocr_line,3,3,1,313,100,propaedia_pages/part_3/propaedia-2010-part-03-photo-03.jpg
14,268,PROTISTS,Protists,direct,single_ocr_line,3,3,1,313,100,propaedia_pages/part_3/propaedia-2010-part-03-photo-03.jpg
14,279,PROTOZOA,Protozoa,direct,single_ocr_line,3,3,1,313,100,propaedia_pages/part_3/propaedia-2010-part-03-photo-03.jpg
14,688,REPTILES,Reptiles,direct,single_ocr_line,3,3,1,313,100,propaedia_pages/part_3/propaedia-2010-part-03-photo-03.jpg
16,93,SPONGES: Phylum Porifera,Sponges: Phylum Porifera,direct,combined_2_adjacent_ocr_lines,3,3,1,313,100,propaedia_pages/part_3/propaedia-2010-part-03-photo-03.jpg
17,503,VIRUSES,Viruses,direct,single_ocr_line,3,3,1,313,100,propaedia_pages/part_3/propaedia-2010-part-03-photo-03.jpg
5,529,DRUGS AND DRUG ACTION,Drugs and Drug Action,direct,single_ocr_line,3,4,1,321,113,propaedia_pages/part_3/propaedia-2010-part-03-photo-04.jpg
2,1007,Biochemical Components of Organisms,Biochemical Components of Organisms,direct,single_ocr_line,3,4,1,321,113,propaedia_pages/part_3/propaedia-2010-part-03-photo-04.jpg
13,908,POISONS AND POISONING,Poisons and Poisoning,direct,single_ocr_line,3,4,1,321,113,propaedia_pages/part_3/propaedia-2010-part-03-photo-04.jpg
3,565,CELLS: Their Structures and Functions,Cells: Their Structures and Functions,direct,single_ocr_line,3,4,1,321,113,propaedia_pages/part_3/propaedia-2010-part-03-photo-04.jpg
3,777,CHEMICAL COMPOUNDS,Chemical Compounds,direct,single_ocr_line,3,4,1,321,113,propaedia_pages/part_3/propaedia-2010-part-03-photo-04.jpg
3,565,CELLS: Their Structures and Functions,Cells: Their Structures and Functions,direct,single_ocr_line,3,5,1,322,115,propaedia_pages/part_3/propaedia-2010-part-03-photo-05.jpg
11,893,METABOLISM,Metabolism,direct,single_ocr_line,3,5,1,322,115,propaedia_pages/part_3/propaedia-2010-part-03-photo-05.jpg
13,799,PHOTOSYNTHESIS,Photosynthesıs,direct,single_ocr_line,3,5,1,322,115,propaedia_pages/part_3/propaedia-2010-part-03-photo-05.jpg
3,565,CELLS: Their Structures and Functions,Cells: Their Structures and Functions,direct,single_ocr_line,3,6,1,323,116,propaedia_pages/part_3/propaedia-2010-part-03-photo-06.jpg
6,159,ELECTRICITY AND MAGNETISM,Electricity and Magnetism,direct,single_ocr_line,3,6,1,323,116,propaedia_pages/part_3/propaedia-2010-part-03-photo-06.jpg
12,452,MUSCLES AND MUSCLE SYSTEMS,Muscles and Muscle Systems,direct,single_ocr_line,3,6,1,323,116,propaedia_pages/part_3/propaedia-2010-part-03-photo-06.jpg
12,784,NERVES AND NERVOUS SYSTEMS,Nerves and Nervous Systems,direct,single_ocr_line,3,6,1,323,116,propaedia_pages/part_3/propaedia-2010-part-03-photo-06.jpg
3,565,CELLS: Their Structures and Functions,Cells: Their Structures and Functions,direct,single_ocr_line,3,7,1,331,118,propaedia_pages/part_3/propaedia-2010-part-03-photo-07.jpg
9,755,INTEGUMENTARY SYSTEMS,Integumentary Systems,direct,single_ocr_line,3,8,1,332,119,propaedia_pages/part_3/propaedia-2010-part-03-photo-08.jpg
1,766,ANIMALS,Animals,direct,single_ocr_line,3,8,1,332,119,propaedia_pages/part_3/propaedia-2010-part-03-photo-08.jpg
12,452,MUSCLES AND MUSCLE SYSTEMS,Muscles and Muscle Systems,direct,single_ocr_line,3,8,1,332,119,propaedia_pages/part_3/propaedia-2010-part-03-photo-08.jpg
3,125,BLOOD,Blood,direct,single_ocr_line,3,8,1,332,119,propaedia_pages/part_3/propaedia-2010-part-03-photo-08.jpg
12,784,NERVES AND NERVOUS SYSTEMS,Nerves and Nervous Systems,direct,single_ocr_line,3,8,1,332,119,propaedia_pages/part_3/propaedia-2010-part-03-photo-08.jpg
3,565,CELLS: Their Structures and Functions,Cells: Their Structures and Functions,direct,single_ocr_line,3,8,1,332,119,propaedia_pages/part_3/propaedia-2010-part-03-photo-08.jpg
13,867,PLANTS,Plants,direct,single_ocr_line,3,8,1,332,119,propaedia_pages/part_3/propaedia-2010-part-03-photo-08.jpg
4,377,CIRCULATION AND CIRCULATORY SYSTEMS,Circulation and Circulatory Systems,direct,single_ocr_line,3,8,1,332,119,propaedia_pages/part_3/propaedia-2010-part-03-photo-08.jpg
14,609,REPRODUCTION AND REPRODUCTIVE SYSTEMS,Reproduction and Reproductive Systems,direct,single_ocr_line,3,8,1,332,119,propaedia_pages/part_3/propaedia-2010-part-03-photo-08.jpg
5,275,DIGESTION AND DIGESTIVE SYSTEMS,Digestion and Digestive Systems,direct,single_ocr_line,3,8,1,332,119,propaedia_pages/part_3/propaedia-2010-part-03-photo-08.jpg
14,725,RESPIRATION AND RESPIRATORY SYSTEMS,Respiration and Respiratory Systems,direct,single_ocr_line,3,8,1,332,119,propaedia_pages/part_3/propaedia-2010-part-03-photo-08.jpg
6,287,ENDOCRINE SYSTEMS,Endocrine Systems,direct,single_ocr_line,3,8,1,332,119,propaedia_pages/part_3/propaedia-2010-part-03-photo-08.jpg
16,272,SUPPORTIVE AND CONNECTIVE TISSUES,Supportive and Connective Tissues,direct,single_ocr_line,3,8,1,332,119,propaedia_pages/part_3/propaedia-2010-part-03-photo-08.jpg
7,1,EXCRETION AND EXCRETORY SYSTEMS,Excretion and Excretory Systems,direct,single_ocr_line,3,8,1,332,119,propaedia_pages/part_3/propaedia-2010-part-03-photo-08.jpg
6,287,ENDOCRINE SYSTEMS,Endocrine Systems,direct,single_ocr_line,3,9,1,333,121,propaedia_pages/part_3/propaedia-2010-part-03-photo-09.jpg
12,784,NERVES AND NERVOUS SYSTEMS,Nerves and Nervous Systems,direct,single_ocr_line,3,9,1,333,121,propaedia_pages/part_3/propaedia-2010-part-03-photo-09.jpg
15,115,SENSORY RECEPTION,Sensory Reception,direct,single_ocr_line,3,9,1,333,121,propaedia_pages/part_3/propaedia-2010-part-03-photo-09.jpg
9,755,INTEGUMENTARY SYSTEMS,Integumentary Systems,direct,single_ocr_line,3,10,1,334,123,propaedia_pages/part_3/propaedia-2010-part-03-photo-10.jpg
12,452,MUSCLES AND MUSCLE SYSTEMS,Muscles and Muscle Systems,direct,single_ocr_line,3,10,1,334,123,propaedia_pages/part_3/propaedia-2010-part-03-photo-10.jpg
16,272,SUPPORTIVE AND CONNECTIVE TISSUES,Supportive and Connective Tissues,direct,single_ocr_line,3,10,1,334,123,propaedia_pages/part_3/propaedia-2010-part-03-photo-10.jpg
5,275,DIGESTION AND DIGESTIVE SYSTEMS,Digestion and Digestive Systems,direct,single_ocr_line,3,11,1,335,124,propaedia_pages/part_3/propaedia-2010-part-03-photo-11.jpg
13,50,NUTRITION,Nutrition,direct,single_ocr_line,3,11,1,335,124,propaedia_pages/part_3/propaedia-2010-part-03-photo-11.jpg
3,565,CELLS: Their Structures and Functions,Cells: Their Structures and Functions,direct,single_ocr_line,3,12,1,336,125,propaedia_pages/part_3/propaedia-2010-part-03-photo-12.jpg
4,377,CIRCULATION AND CIRCULATORY SYSTEMS,Circulation and Circulatory Systems,direct,single_ocr_line,3,12,1,336,125,propaedia_pages/part_3/propaedia-2010-part-03-photo-12.jpg
7,1,EXCRETION AND EXCRETORY SYSTEMS,Excretion and Excretory Systems,direct,single_ocr_line,3,12,1,336,125,propaedia_pages/part_3/propaedia-2010-part-03-photo-12.jpg
14,725,RESPIRATION AND RESPIRATORY SYSTEMS,Respiration and Respiratory Systems,direct,single_ocr_line,3,12,1,336,125,propaedia_pages/part_3/propaedia-2010-part-03-photo-12.jpg
2,744,Animal BEHAVIOUR,"Behaviour, Animal",observed_comma_flip,single_ocr_line,3,13,1,337,127,propaedia_pages/part_3/propaedia-2010-part-03-photo-13.jpg
14,609,REPRODUCTION AND REPRODUCTIVE SYSTEMS,Reproduction and Reproductive Systems,direct,single_ocr_line,3,13,1,337,127,propaedia_pages/part_3/propaedia-2010-part-03-photo-13.jpg
15,233,SEX AND SEXUALITY,Sex and Sexuality,direct,single_ocr_line,3,13,1,337,127,propaedia_pages/part_3/propaedia-2010-part-03-photo-13.jpg
4,982,DEATH,Death,direct,single_ocr_line,3,14,1,338,128,propaedia_pages/part_3/propaedia-2010-part-03-photo-14.jpg
8,361,Biological GROWTH AND DEVELOPMENT,"Growth and Development, Biological",observed_comma_flip,single_ocr_line,3,14,1,338,128,propaedia_pages/part_3/propaedia-2010-part-03-photo-14.jpg
7,699,The Principles of GENETICS AND HEREDITY,"Genetics and Heredity, The Principles of",observed_comma_flip,single_ocr_line,3,15,1,339,129,propaedia_pages/part_3/propaedia-2010-part-03-photo-15.jpg
2,744,Animal BEHAVIOUR,"Behaviour, Animal",observed_comma_flip,single_ocr_line,3,16,1,341,130,propaedia_pages/part_3/propaedia-2010-part-03-photo-16.jpg
2,744,Animal BEHAVIOUR,"Behaviour, Animal",observed_comma_flip,single_ocr_line,3,17,1,342,131,propaedia_pages/part_3/propaedia-2010-part-03-photo-17.jpg
10,854,Animal LEARNING,"Learning, Animal",observed_comma_flip,single_ocr_line,3,17,1,342,131,propaedia_pages/part_3/propaedia-2010-part-03-photo-17.jpg
2,744,Animal BEHAVIOUR,"Behaviour, Animal",observed_comma_flip,single_ocr_line,3,19,1,352,134,propaedia_pages/part_3/propaedia-2010-part-03-photo-19.jpg
4,982,DEATH,Death,direct,single_ocr_line,3,20,1,353,135,propaedia_pages/part_3/propaedia-2010-part-03-photo-20.jpg
5,341,DISEASE,Disease,direct,single_ocr_line,3,20,1,353,135,propaedia_pages/part_3/propaedia-2010-part-03-photo-20.jpg
8,773,IMMUNITY,Immunity,direct,single_ocr_line,3,20,1,353,135,propaedia_pages/part_3/propaedia-2010-part-03-photo-20.jpg
2,1127,The BIOSPHERE and Concepts of Ecology,"Biosphere and Concepts of Ecology, The",observed_comma_flip,combined_2_fragment_titles,3,21,1,354,137,propaedia_pages/part_3/propaedia-2010-part-03-photo-21.jpg
14,843,RIVERS,Rivers,direct,single_ocr_line,3,21,1,354,137,propaedia_pages/part_3/propaedia-2010-part-03-photo-21.jpg
16,903,TREES,Trees,direct,single_ocr_line,3,21,1,354,137,propaedia_pages/part_3/propaedia-2010-part-03-photo-21.jpg
10,531,LAKES,Lakes,direct,single_ocr_line,3,21,1,354,137,propaedia_pages/part_3/propaedia-2010-part-03-photo-21.jpg
13,134,OCEANS,Oceans,direct,single_ocr_line,3,21,1,354,137,propaedia_pages/part_3/propaedia-2010-part-03-photo-21.jpg
7,87,FARMING and Agricultural Technology,Farming and Agricultural Technology,direct,single_ocr_line,3,22,1,355,138,propaedia_pages/part_3/propaedia-2010-part-03-photo-22.jpg
2,1127,The BIOSPHERE and Concepts of Ecology,"Biosphere and Concepts of Ecology, The",observed_comma_flip,single_ocr_line,3,22,1,355,138,propaedia_pages/part_3/propaedia-2010-part-03-photo-22.jpg
7,410,FORESTRY AND WOOD PRODUCTION,Forestry and Wood Production,direct,single_ocr_line,3,22,1,355,138,propaedia_pages/part_3/propaedia-2010-part-03-photo-22.jpg
3,561,Domestic CATS,"Cats, Domestic",observed_comma_flip,single_ocr_line,3,22,1,355,138,propaedia_pages/part_3/propaedia-2010-part-03-photo-22.jpg
7,670,GARDENING AND HORTICULTURE,Gardening and Horticulture,direct,single_ocr_line,3,22,1,355,138,propaedia_pages/part_3/propaedia-2010-part-03-photo-22.jpg
8,646,HORSES AND HORSEMANSHIP,Horses and Horsemanship,direct,single_ocr_line,3,22,1,355,138,propaedia_pages/part_3/propaedia-2010-part-03-photo-22.jpg
5,440,DOGS,Dogs,direct,single_ocr_line,3,22,1,355,138,propaedia_pages/part_3/propaedia-2010-part-03-photo-22.jpg
6,812,Human EVOLUTION,"Evolution, Human",observed_comma_flip,single_ocr_line,4,1,1,411,144,propaedia_pages/part_4/propaedia-2010-part-04-photo-01.jpg
10,964,LIFE,Life,direct,single_ocr_line,4,1,1,411,144,propaedia_pages/part_4/propaedia-2010-part-04-photo-01.jpg
6,812,Human EVOLUTION,"Evolution, Human",observed_comma_flip,single_ocr_line,4,2,1,412,145,propaedia_pages/part_4/propaedia-2010-part-04-photo-02.jpg
7,699,The Principles of GENETICS AND HEREDITY,"Genetics and Heredity, The Principles of",observed_comma_flip,single_ocr_line,4,2,1,412,145,propaedia_pages/part_4/propaedia-2010-part-04-photo-02.jpg
10,964,LIFE,Life,direct,single_ocr_line,4,2,1,412,145,propaedia_pages/part_4/propaedia-2010-part-04-photo-02.jpg
2,1007,Biochemical Components of Organisms,Biochemical Components of Organisms,direct,combined_3_adjacent_ocr_lines,4,3,1,421,148,propaedia_pages/part_4/propaedia-2010-part-04-photo-03.jpg
3,125,BLOOD,Blood,direct,single_ocr_line,4,3,1,421,148,propaedia_pages/part_4/propaedia-2010-part-04-photo-03.jpg
4,377,CIRCULATION AND CIRCULATORY SYSTEMS,Circulation and Circulatory Systems,direct,combined_3_adjacent_ocr_lines,4,3,1,421,148,propaedia_pages/part_4/propaedia-2010-part-04-photo-03.jpg
5,275,DIGESTION AND DIGESTIVE SYSTEMS,Digestion and Digestive Systems,direct,combined_2_adjacent_ocr_lines,4,3,1,421,148,propaedia_pages/part_4/propaedia-2010-part-04-photo-03.jpg
6,287,ENDOCRINE SYSTEMS,Endocrine Systems,direct,single_ocr_line,4,3,1,421,148,propaedia_pages/part_4/propaedia-2010-part-04-photo-03.jpg
7,1,EXCRETION AND EXCRETORY SYSTEMS,Excretion and Excretory Systems,direct,combined_3_adjacent_ocr_lines,4,3,1,421,148,propaedia_pages/part_4/propaedia-2010-part-04-photo-03.jpg
9,755,INTEGUMENTARY SYSTEMS,Integumentary Systems,direct,combined_2_adjacent_ocr_lines,4,3,1,421,148,propaedia_pages/part_4/propaedia-2010-part-04-photo-03.jpg
12,452,MUSCLES AND MUSCLE SYSTEMS,Muscles and Muscle Systems,direct,combined_2_adjacent_ocr_lines,4,3,1,421,148,propaedia_pages/part_4/propaedia-2010-part-04-photo-03.jpg
12,784,NERVES AND NERVOUS SYSTEMS,Nerves and Nervous Systems,direct,combined_2_adjacent_ocr_lines,4,3,1,421,148,propaedia_pages/part_4/propaedia-2010-part-04-photo-03.jpg
13,50,NUTRITION,Nutrition,direct,single_ocr_line,4,3,1,421,148,propaedia_pages/part_4/propaedia-2010-part-04-photo-03.jpg
14,609,REPRODUCTION AND REPRODUCTIVE SYSTEMS,Reproduction and Reproductive Systems,direct,combined_3_adjacent_ocr_lines,4,3,1,421,148,propaedia_pages/part_4/propaedia-2010-part-04-photo-03.jpg
14,725,RESPIRATION AND RESPIRATORY SYSTEMS,Respiration and Respiratory Systems,direct,combined_3_adjacent_ocr_lines,4,3,1,421,148,propaedia_pages/part_4/propaedia-2010-part-04-photo-03.jpg
15,115,SENSORY RECEPTION,Sensory Reception,direct,single_ocr_line,4,3,1,421,148,propaedia_pages/part_4/propaedia-2010-part-04-photo-03.jpg
16,272,SUPPORTIVE AND CONNECTIVE TISSUES,Supportive and Connective Tissues,direct,combined_3_adjacent_ocr_lines,4,3,1,421,148,propaedia_pages/part_4/propaedia-2010-part-04-photo-03.jpg
4,982,DEATH,Death,direct,single_ocr_line,4,4,1,422,151,propaedia_pages/part_4/propaedia-2010-part-04-photo-04.jpg
7,28,EXERCISE AND PHYSICAL CONDITIONING,Exercise and Physical Conditioning,direct,single_ocr_line,4,4,1,422,151,propaedia_pages/part_4/propaedia-2010-part-04-photo-04.jpg
8,773,IMMUNITY,Immunity,direct,single_ocr_line,4,4,1,422,151,propaedia_pages/part_4/propaedia-2010-part-04-photo-04.jpg
13,50,NUTRITION,Nutrition,direct,single_ocr_line,4,4,1,422,151,propaedia_pages/part_4/propaedia-2010-part-04-photo-04.jpg
3,125,BLOOD,Blood,direct,single_ocr_line,4,5,1,423,153,propaedia_pages/part_4/propaedia-2010-part-04-photo-05.jpg
3,519,CANCER,Cancer,direct,single_ocr_line,4,5,1,423,153,propaedia_pages/part_4/propaedia-2010-part-04-photo-05.jpg
4,9,CHILDHOOD DISEASES,Childhood Diseases and Disorders,observed_manual_alias,combined_3_adjacent_ocr_lines,4,5,1,423,153,propaedia_pages/part_4/propaedia-2010-part-04-photo-05.jpg
4,377,CIRCULATION AND CIRCULATORY SYSTEMS,Circulation and Circulatory Systems,direct,combined_3_adjacent_ocr_lines,4,5,1,423,153,propaedia_pages/part_4/propaedia-2010-part-04-photo-05.jpg
5,246,DIAGNOSIS AND THERAPEUTICS,Diagnosis and Therapeutics,direct,combined_2_adjacent_ocr_lines,4,5,1,423,153,propaedia_pages/part_4/propaedia-2010-part-04-photo-05.jpg
5,275,DIGESTION AND DIGESTIVE SYSTEMS,Digestion and Digestive Systems,direct,combined_2_adjacent_ocr_lines,4,5,1,423,153,propaedia_pages/part_4/propaedia-2010-part-04-photo-05.jpg
5,341,DISEASE,Disease,direct,single_ocr_line,4,5,1,423,153,propaedia_pages/part_4/propaedia-2010-part-04-photo-05.jpg
6,287,ENDOCRINE SYSTEMS,Endocrine Systems,direct,single_ocr_line,4,5,1,423,153,propaedia_pages/part_4/propaedia-2010-part-04-photo-05.jpg
7,1,EXCRETION AND EXCRETORY SYSTEMS,Excretion and Excretory Systems,direct,combined_3_adjacent_ocr_lines,4,5,1,423,153,propaedia_pages/part_4/propaedia-2010-part-04-photo-05.jpg
8,773,IMMUNITY,Immunity,direct,single_ocr_line,4,5,1,423,153,propaedia_pages/part_4/propaedia-2010-part-04-photo-05.jpg
9,589,INFECTIOUS DISEASES,Infectious Diseases,direct,single_ocr_line,4,5,1,423,153,propaedia_pages/part_4/propaedia-2010-part-04-photo-05.jpg
9,755,INTEGUMENTARY SYSTEMS,Integumentary Systems,direct,combined_2_adjacent_ocr_lines,4,5,1,423,153,propaedia_pages/part_4/propaedia-2010-part-04-photo-05.jpg
11,893,METABOLISM,Metabolism,direct,single_ocr_line,4,5,1,423,153,propaedia_pages/part_4/propaedia-2010-part-04-photo-05.jpg
12,452,MUSCLES AND MUSCLE SYSTEMS,Muscles and Muscle Systems,direct,combined_2_adjacent_ocr_lines,4,5,1,423,153,propaedia_pages/part_4/propaedia-2010-part-04-photo-05.jpg
12,784,NERVES AND NERVOUS SYSTEMS,Nerves and Nervous Systems,direct,combined_2_adjacent_ocr_lines,4,5,1,423,153,propaedia_pages/part_4/propaedia-2010-part-04-photo-05.jpg
13,50,NUTRITION,Nutrition,direct,single_ocr_line,4,5,1,423,153,propaedia_pages/part_4/propaedia-2010-part-04-photo-05.jpg
13,908,POISONS AND POISONING,Poisons and Poisoning,direct,combined_2_adjacent_ocr_lines,4,5,1,423,153,propaedia_pages/part_4/propaedia-2010-part-04-photo-05.jpg
14,725,RESPIRATION AND RESPIRATORY SYSTEMS,Respiration and Respiratory Systems,direct,combined_3_adjacent_ocr_lines,4,5,1,423,153,propaedia_pages/part_4/propaedia-2010-part-04-photo-05.jpg
15,115,SENSORY RECEPTION,Sensory Reception,direct,single_ocr_line,4,5,1,423,153,propaedia_pages/part_4/propaedia-2010-part-04-photo-05.jpg
16,272,SUPPORTIVE AND CONNECTIVE TISSUES,Supportive and Connective Tissues,direct,combined_3_adjacent_ocr_lines,4,5,1,423,153,propaedia_pages/part_4/propaedia-2010-part-04-photo-05.jpg
16,774,Organ and Tissue TRANSPLANTS,"Transplants, Organ and Tissue",observed_comma_flip,combined_2_adjacent_ocr_lines,4,5,1,423,153,propaedia_pages/part_4/propaedia-2010-part-04-photo-05.jpg
3,113,BIRTH CONTROL,Birth Control,direct,single_ocr_line,4,6,1,424,159,propaedia_pages/part_4/propaedia-2010-part-04-photo-06.jpg
11,774,MEDICINE,Medicine,direct,single_ocr_line,4,6,1,424,159,propaedia_pages/part_4/propaedia-2010-part-04-photo-06.jpg
13,99,OCCUPATIONAL DISEASES AND DISORDERS,Occupational Diseases and Disorders,direct,single_ocr_line,4,6,1,424,159,propaedia_pages/part_4/propaedia-2010-part-04-photo-06.jpg
2,829,The Development of Human BEHAVIOUR,"Behaviour, The Development of Human",observed_comma_flip,single_ocr_line,4,7,1,431,161,propaedia_pages/part_4/propaedia-2010-part-04-photo-07.jpg
2,391,ATTENTION,Attention,direct,single_ocr_line,4,8,1,432,163,propaedia_pages/part_4/propaedia-2010-part-04-photo-08.jpg
13,481,Human PERCEPTION,"Perception, Human",observed_comma_flip,single_ocr_line,4,8,1,432,163,propaedia_pages/part_4/propaedia-2010-part-04-photo-08.jpg
15,233,SEX AND SEXUALITY,Sex and Sexuality,direct,single_ocr_line,4,9,1,433,164,propaedia_pages/part_4/propaedia-2010-part-04-photo-09.jpg
6,248,Human EMOTION,"Emotion, Human",observed_comma_flip,single_ocr_line,4,9,1,433,164,propaedia_pages/part_4/propaedia-2010-part-04-photo-09.jpg
15,301,SLEEP AND DREAMS,Sleep and Dreams,direct,single_ocr_line,4,9,1,433,164,propaedia_pages/part_4/propaedia-2010-part-04-photo-09.jpg
12,436,Human MOTIVATION,"Motivation, Human",observed_comma_flip,single_ocr_line,4,9,1,433,164,propaedia_pages/part_4/propaedia-2010-part-04-photo-09.jpg
9,775,Human INTELLIGENCE,"Intelligence, Human",observed_comma_flip,single_ocr_line,4,10,1,434,165,propaedia_pages/part_4/propaedia-2010-part-04-photo-10.jpg
14,289,PSYCHOLOGICAL TESTS AND MEASUREMENT,Psychological Tests and Measurement,direct,single_ocr_line,4,10,1,434,165,propaedia_pages/part_4/propaedia-2010-part-04-photo-10.jpg
10,870,Human LEARNING AND COGNITION,"Learning and Cognition, Human",observed_comma_flip,single_ocr_line,4,10,2,435,165,propaedia_pages/part_4/propaedia-2010-part-04-photo-10.jpg
11,832,MEMORY,Memory,direct,single_ocr_line,4,10,2,435,165,propaedia_pages/part_4/propaedia-2010-part-04-photo-10.jpg
16,650,THOUGHT AND THOUGHT PROCESSES,Thought and Thought Processes,direct,single_ocr_line,4,10,2,435,165,propaedia_pages/part_4/propaedia-2010-part-04-photo-10.jpg
7,566,FREUD,Freud,direct,single_ocr_line,4,11,1,436,167,propaedia_pages/part_4/propaedia-2010-part-04-photo-11.jpg
11,841,MENTAL DISORDERS and Their Treatment,Mental Disorders and Their Treatment,direct,combined_2_adjacent_ocr_lines,4,11,1,436,167,propaedia_pages/part_4/propaedia-2010-part-04-photo-11.jpg
13,503,PERSONALITY,Personality,direct,single_ocr_line,4,11,1,436,167,propaedia_pages/part_4/propaedia-2010-part-04-photo-11.jpg
1,37,AFRICA,Africa,direct,single_ocr_line,5,1,1,511,175,propaedia_pages/part_5/propaedia-2010-part-05-photo-01.jpg
1,349,Native American Peoples,"American Peoples, Native",observed_comma_flip,single_ocr_line,5,1,1,511,175,propaedia_pages/part_5/propaedia-2010-part-05-photo-01.jpg
5,772,EASTERN AFRICA,Eastern Africa,direct,single_ocr_line,5,1,1,511,175,propaedia_pages/part_5/propaedia-2010-part-05-photo-01.jpg
2,1,The ARCTIC,"Arctic, The",observed_comma_flip,single_ocr_line,5,1,1,511,175,propaedia_pages/part_5/propaedia-2010-part-05-photo-01.jpg
6,522,EUROPE,Europe,direct,single_ocr_line,5,1,1,511,175,propaedia_pages/part_5/propaedia-2010-part-05-photo-01.jpg
2,128,ASIA,Asia,direct,single_ocr_line,5,1,1,511,175,propaedia_pages/part_5/propaedia-2010-part-05-photo-01.jpg
12,939,NORTH AFRICA,North Africa,direct,single_ocr_line,5,1,1,511,175,propaedia_pages/part_5/propaedia-2010-part-05-photo-01.jpg
13,231,PACIFIC ISLANDS,Pacific Islands,direct,single_ocr_line,5,1,1,511,175,propaedia_pages/part_5/propaedia-2010-part-05-photo-01.jpg
2,241,ASIAN PEOPLES AND CULTURES,Asian Peoples and Cultures,direct,single_ocr_line,5,1,1,511,175,propaedia_pages/part_5/propaedia-2010-part-05-photo-01.jpg
2,406,AUSTRALIA,Australia,direct,single_ocr_line,5,1,1,511,175,propaedia_pages/part_5/propaedia-2010-part-05-photo-01.jpg
16,751,TRANSCAUCASIA,Transcaucasia,direct,single_ocr_line,5,1,1,511,175,propaedia_pages/part_5/propaedia-2010-part-05-photo-01.jpg
3,612,CENTRAL AFRICA,Central Africa,direct,single_ocr_line,5,1,1,511,175,propaedia_pages/part_5/propaedia-2010-part-05-photo-01.jpg
17,721,The WEST INDIES,West Indies,direct,single_ocr_line,5,1,1,511,175,propaedia_pages/part_5/propaedia-2010-part-05-photo-01.jpg
17,790,WESTERN AFRICA,Western Africa,direct,single_ocr_line,5,1,1,511,175,propaedia_pages/part_5/propaedia-2010-part-05-photo-01.jpg
3,701,CENTRAL ASIA,Central Asia,direct,single_ocr_line,5,1,1,511,175,propaedia_pages/part_5/propaedia-2010-part-05-photo-01.jpg
4,874,The Concept and Components of CULTURE,"Culture, The Concept and Components of",observed_comma_flip,single_ocr_line,5,1,1,511,175,propaedia_pages/part_5/propaedia-2010-part-05-photo-01.jpg
4,874,The Concept and Components of CULTURE,"Culture, The Concept and Components of",observed_comma_flip,single_ocr_line,5,2,1,512,178,propaedia_pages/part_5/propaedia-2010-part-05-photo-02.jpg
15,316,The SOCIAL SCIENCES,"Social Sciences, The",observed_comma_flip,single_ocr_line,5,2,1,512,178,propaedia_pages/part_5/propaedia-2010-part-05-photo-02.jpg
12,280,MODERNIZATION AND INDUSTRIALIZATION,Modernization and Industrialization,direct,single_ocr_line,5,2,1,512,178,propaedia_pages/part_5/propaedia-2010-part-05-photo-02.jpg
15,365,SOCIAL STRUCTURE AND CHANGE,Social Structure and Change,direct,single_ocr_line,5,2,1,512,178,propaedia_pages/part_5/propaedia-2010-part-05-photo-02.jpg
4,874,The Concept and Components of CULTURE,"Culture, The Concept and Components of",observed_comma_flip,single_ocr_line,5,3,1,513,179,propaedia_pages/part_5/propaedia-2010-part-05-photo-03.jpg
7,59,FAMILY AND KINSHIP,Family and Kinship,direct,single_ocr_line,5,3,1,513,179,propaedia_pages/part_5/propaedia-2010-part-05-photo-03.jpg
9,638,INHERITANCE AND SUCCESSION,Inheritance and Succession,direct,single_ocr_line,5,3,1,513,179,propaedia_pages/part_5/propaedia-2010-part-05-photo-03.jpg
15,316,The SOCIAL SCIENCES,"Social Sciences, The",observed_comma_flip,single_ocr_line,5,3,1,513,179,propaedia_pages/part_5/propaedia-2010-part-05-photo-03.jpg
16,100,Major Team and Individual SPORTS,"Sports, Major Team and Individual",observed_comma_flip,single_ocr_line,5,3,1,513,179,propaedia_pages/part_5/propaedia-2010-part-05-photo-03.jpg
11,40,LINGUISTICS,Linguistics,direct,single_ocr_line,5,4,1,514,183,propaedia_pages/part_5/propaedia-2010-part-05-photo-04.jpg
4,611,COMMUNICATION,Communication,direct,single_ocr_line,5,4,1,514,183,propaedia_pages/part_5/propaedia-2010-part-05-photo-04.jpg
12,733,NAMES,Names,direct,single_ocr_line,5,4,1,514,183,propaedia_pages/part_5/propaedia-2010-part-05-photo-04.jpg
4,860,CRYPTOLOGY,Cryptology,direct,single_ocr_line,5,4,1,514,183,propaedia_pages/part_5/propaedia-2010-part-05-photo-04.jpg
16,72,SPEECH,Speech,direct,single_ocr_line,5,4,1,514,183,propaedia_pages/part_5/propaedia-2010-part-05-photo-04.jpg
8,682,HUMOUR AND WIT,Humour and Wit,direct,single_ocr_line,5,4,1,514,183,propaedia_pages/part_5/propaedia-2010-part-05-photo-04.jpg
17,1025,WRITING,Writing,direct,single_ocr_line,5,4,1,514,183,propaedia_pages/part_5/propaedia-2010-part-05-photo-04.jpg
10,548,LANGUAGE,Language,direct,single_ocr_line,5,4,1,514,183,propaedia_pages/part_5/propaedia-2010-part-05-photo-04.jpg
10,572,LANGUAGES OF THE WORLD,Languages of the World,direct,single_ocr_line,5,4,1,514,183,propaedia_pages/part_5/propaedia-2010-part-05-photo-04.jpg
14,310,PUBLIC OPINION,Public Opinion,direct,single_ocr_line,5,5,1,521,187,propaedia_pages/part_5/propaedia-2010-part-05-photo-05.jpg
4,556,COLLECTIVE BEHAVIOUR,Collective Behaviour,direct,single_ocr_line,5,5,1,521,187,propaedia_pages/part_5/propaedia-2010-part-05-photo-05.jpg
15,316,The SOCIAL SCIENCES,"Social Sciences, The",observed_comma_flip,single_ocr_line,5,5,1,521,187,propaedia_pages/part_5/propaedia-2010-part-05-photo-05.jpg
4,796,CRIME AND PUNISHMENT,Crime and Punishment,direct,single_ocr_line,5,5,1,521,187,propaedia_pages/part_5/propaedia-2010-part-05-photo-05.jpg
15,365,SOCIAL STRUCTURE AND CHANGE,Social Structure and Change,direct,single_ocr_line,5,5,1,521,187,propaedia_pages/part_5/propaedia-2010-part-05-photo-05.jpg
17,916,WORK AND EMPLOYMENT,Work and Employment,direct,single_ocr_line,5,5,1,521,187,propaedia_pages/part_5/propaedia-2010-part-05-photo-05.jpg
12,280,MODERNIZATION AND INDUSTRIALIZATION,Modernization and Industrialization,direct,single_ocr_line,5,5,1,521,187,propaedia_pages/part_5/propaedia-2010-part-05-photo-05.jpg
14,171,PROPAGANDA,Propaganda,direct,single_ocr_line,5,5,1,521,187,propaedia_pages/part_5/propaedia-2010-part-05-photo-05.jpg
1,195,ALCOHOL AND DRUG CONSUMPTION,Alcohol and Drug Consumption,direct,single_ocr_line,5,6,1,522,189,propaedia_pages/part_5/propaedia-2010-part-05-photo-06.jpg
4,796,CRIME AND PUNISHMENT,Crime and Punishment,direct,single_ocr_line,5,6,1,522,189,propaedia_pages/part_5/propaedia-2010-part-05-photo-06.jpg
15,316,The SOCIAL SCIENCES,"Social Sciences, The",observed_comma_flip,single_ocr_line,5,6,1,522,189,propaedia_pages/part_5/propaedia-2010-part-05-photo-06.jpg
7,59,FAMILY AND KINSHIP,Family and Kinship,direct,single_ocr_line,5,6,1,522,189,propaedia_pages/part_5/propaedia-2010-part-05-photo-06.jpg
15,372,SOCIAL WELFARE,Social Welfare,direct,single_ocr_line,5,6,1,522,189,propaedia_pages/part_5/propaedia-2010-part-05-photo-06.jpg
15,233,SEX AND SEXUALITY,Sex and Sexuality,direct,single_ocr_line,5,6,1,522,189,propaedia_pages/part_5/propaedia-2010-part-05-photo-06.jpg
15,288,SLAVERY,Slavery,direct,single_ocr_line,5,7,1,523,190,propaedia_pages/part_5/propaedia-2010-part-05-photo-07.jpg
15,316,The SOCIAL SCIENCES,"Social Sciences, The",observed_comma_flip,single_ocr_line,5,7,1,523,190,propaedia_pages/part_5/propaedia-2010-part-05-photo-07.jpg
3,113,BIRTH CONTROL,Birth Control,direct,single_ocr_line,5,8,1,524,191,propaedia_pages/part_5/propaedia-2010-part-05-photo-08.jpg
12,280,MODERNIZATION AND INDUSTRIALIZATION,Modernization and Industrialization,direct,single_ocr_line,5,8,1,524,191,propaedia_pages/part_5/propaedia-2010-part-05-photo-08.jpg
4,425,CITIES,Cities,direct,single_ocr_line,5,8,1,524,191,propaedia_pages/part_5/propaedia-2010-part-05-photo-08.jpg
13,1034,POPULATION,Population,direct,single_ocr_line,5,8,1,524,191,propaedia_pages/part_5/propaedia-2010-part-05-photo-08.jpg
4,436,CLIMATE AND WEATHER,Climate and Weather,direct,single_ocr_line,5,8,1,524,191,propaedia_pages/part_5/propaedia-2010-part-05-photo-08.jpg
15,316,The SOCIAL SCIENCES,"Social Sciences, The",observed_comma_flip,single_ocr_line,5,8,1,524,191,propaedia_pages/part_5/propaedia-2010-part-05-photo-08.jpg
8,148,GOVERNMENT FINANCE,Government Finance,direct,single_ocr_line,5,9,1,531,192,propaedia_pages/part_5/propaedia-2010-part-05-photo-09.jpg
5,908,ECONOMIC SYSTEMS,Economic Systems,direct,single_ocr_line,5,9,1,531,192,propaedia_pages/part_5/propaedia-2010-part-05-photo-09.jpg
9,900,INTERNATIONAL TRADE,International Trade,direct,single_ocr_line,5,9,1,531,192,propaedia_pages/part_5/propaedia-2010-part-05-photo-09.jpg
5,916,ECONOMIC THEORY,Economic Theory,direct,single_ocr_line,5,9,1,531,192,propaedia_pages/part_5/propaedia-2010-part-05-photo-09.jpg
11,509,MARKETS,Markets,direct,single_ocr_line,5,10,1,532,193,propaedia_pages/part_5/propaedia-2010-part-05-photo-10.jpg
5,916,ECONOMIC THEORY,Economic Theory,direct,single_ocr_line,5,10,1,532,193,propaedia_pages/part_5/propaedia-2010-part-05-photo-10.jpg
15,316,The SOCIAL SCIENCES,"Social Sciences, The",observed_comma_flip,single_ocr_line,5,10,1,532,193,propaedia_pages/part_5/propaedia-2010-part-05-photo-10.jpg
8,148,GOVERNMENT FINANCE,Government Finance,direct,single_ocr_line,5,10,1,532,193,propaedia_pages/part_5/propaedia-2010-part-05-photo-10.jpg
9,900,INTERNATIONAL TRADE,International Trade,direct,single_ocr_line,5,10,1,532,193,propaedia_pages/part_5/propaedia-2010-part-05-photo-10.jpg
1,1,ACCOUNTING,Accounting,direct,single_ocr_line,5,11,1,533,196,propaedia_pages/part_5/propaedia-2010-part-05-photo-11.jpg
3,366,BUSINESS ORGANIZATION,Business Organization,direct,combined_2_adjacent_ocr_lines,5,11,1,533,196,propaedia_pages/part_5/propaedia-2010-part-05-photo-11.jpg
4,529,COINS AND COINAGE,Coins and Coinage,direct,single_ocr_line,5,11,1,533,196,propaedia_pages/part_5/propaedia-2010-part-05-photo-11.jpg
5,878,ECONOMIC GROWTH AND PLANNING,Economic Growth and Planning,direct,combined_2_adjacent_ocr_lines,5,11,1,533,196,propaedia_pages/part_5/propaedia-2010-part-05-photo-11.jpg
5,916,ECONOMIC THEORY,Economic Theory,direct,single_ocr_line,5,11,1,533,196,propaedia_pages/part_5/propaedia-2010-part-05-photo-11.jpg
8,148,GOVERNMENT FINANCE,Government Finance,direct,combined_2_adjacent_ocr_lines,5,11,1,533,196,propaedia_pages/part_5/propaedia-2010-part-05-photo-11.jpg
9,741,INSURANCE,Insurance,direct,single_ocr_line,5,11,1,533,196,propaedia_pages/part_5/propaedia-2010-part-05-photo-11.jpg
9,900,INTERNATIONAL TRADE,International Trade,direct,single_ocr_line,5,11,1,533,196,propaedia_pages/part_5/propaedia-2010-part-05-photo-11.jpg
11,495,MARKETING AND MERCHANDISING,Marketing and Merchandising,direct,combined_2_adjacent_ocr_lines,5,11,1,533,196,propaedia_pages/part_5/propaedia-2010-part-05-photo-11.jpg
11,509,MARKETS,Markets,direct,single_ocr_line,5,11,1,533,196,propaedia_pages/part_5/propaedia-2010-part-05-photo-11.jpg
12,325,MONEY,Money,direct,single_ocr_line,5,11,1,533,196,propaedia_pages/part_5/propaedia-2010-part-05-photo-11.jpg
15,316,The SOCIAL SCIENCES,"Social Sciences, The",observed_comma_flip,single_ocr_line,5,11,1,533,196,propaedia_pages/part_5/propaedia-2010-part-05-photo-11.jpg
17,916,WORK AND EMPLOYMENT,Work and Employment,direct,combined_2_adjacent_ocr_lines,5,11,1,533,196,propaedia_pages/part_5/propaedia-2010-part-05-photo-11.jpg
5,916,ECONOMIC THEORY,Economic Theory,direct,single_ocr_line,5,12,1,534,199,propaedia_pages/part_5/propaedia-2010-part-05-photo-12.jpg
8,148,GOVERNMENT FINANCE,Government Finance,direct,single_ocr_line,5,12,1,534,199,propaedia_pages/part_5/propaedia-2010-part-05-photo-12.jpg
15,316,The SOCIAL SCIENCES,"Social Sciences, The",observed_comma_flip,single_ocr_line,5,12,1,534,199,propaedia_pages/part_5/propaedia-2010-part-05-photo-12.jpg
9,900,INTERNATIONAL TRADE,International Trade,direct,single_ocr_line,5,12,1,534,199,propaedia_pages/part_5/propaedia-2010-part-05-photo-12.jpg
15,372,SOCIAL WELFARE,Social Welfare,direct,single_ocr_line,5,12,1,534,199,propaedia_pages/part_5/propaedia-2010-part-05-photo-12.jpg
10,540,LAND REFORM AND TENURE,Land Reform and Tenure,direct,single_ocr_line,5,12,1,534,199,propaedia_pages/part_5/propaedia-2010-part-05-photo-12.jpg
16,397,TAXATION,Taxation,direct,single_ocr_line,5,12,1,534,199,propaedia_pages/part_5/propaedia-2010-part-05-photo-12.jpg
5,916,ECONOMIC THEORY,Economic Theory,direct,single_ocr_line,5,13,1,535,200,propaedia_pages/part_5/propaedia-2010-part-05-photo-13.jpg
8,148,GOVERNMENT FINANCE,Government Finance,direct,single_ocr_line,5,13,1,535,200,propaedia_pages/part_5/propaedia-2010-part-05-photo-13.jpg
9,900,INTERNATIONAL TRADE,International Trade,direct,single_ocr_line,5,13,1,535,200,propaedia_pages/part_5/propaedia-2010-part-05-photo-13.jpg
15,316,The SOCIAL SCIENCES,"Social Sciences, The",observed_comma_flip,single_ocr_line,5,13,1,535,200,propaedia_pages/part_5/propaedia-2010-part-05-photo-13.jpg
5,878,ECONOMIC GROWTH AND PLANNING,Economic Growth and Planning,direct,single_ocr_line,5,14,1,536,201,propaedia_pages/part_5/propaedia-2010-part-05-photo-14.jpg
5,916,ECONOMIC THEORY,Economic Theory,direct,single_ocr_line,5,14,1,536,201,propaedia_pages/part_5/propaedia-2010-part-05-photo-14.jpg
8,148,GOVERNMENT FINANCE,Government Finance,direct,single_ocr_line,5,14,1,536,201,propaedia_pages/part_5/propaedia-2010-part-05-photo-14.jpg
9,900,INTERNATIONAL TRADE,International Trade,direct,single_ocr_line,5,14,1,536,201,propaedia_pages/part_5/propaedia-2010-part-05-photo-14.jpg
15,316,The SOCIAL SCIENCES,"Social Sciences, The",observed_comma_flip,single_ocr_line,5,14,1,536,201,propaedia_pages/part_5/propaedia-2010-part-05-photo-14.jpg
4,690,CONSTITUTION AND CONSTITUTIONAL GOVERNMENT,Constitution and Constitutional Government,direct,single_ocr_line,5,15,1,541,203,propaedia_pages/part_5/propaedia-2010-part-05-photo-15.jpg
13,979,POLITICAL PARTIES AND INTEREST GROUPS,Political Parties and Interest Groups,direct,single_ocr_line,5,15,1,541,203,propaedia_pages/part_5/propaedia-2010-part-05-photo-15.jpg
5,226A,DEMOCRACY,Democracy,direct,single_ocr_line,5,15,1,541,203,propaedia_pages/part_5/propaedia-2010-part-05-photo-15.jpg
15,316,The SOCIAL SCIENCES,"Social Sciences, The",observed_comma_flip,single_ocr_line,5,15,1,541,203,propaedia_pages/part_5/propaedia-2010-part-05-photo-15.jpg
8,656,HUMAN RIGHTS,Human Rights,direct,single_ocr_line,5,15,1,541,203,propaedia_pages/part_5/propaedia-2010-part-05-photo-15.jpg
15,393,Modern SOCIO-ECONOMIC DOCTRINES AND REFORM MOVEMENTS,"Socio-Economic Doctrines and Reform Movements, Modern",observed_comma_flip,combined_2_fragment_titles,5,15,1,541,203,propaedia_pages/part_5/propaedia-2010-part-05-photo-15.jpg
8,768,IDEOLOGY,Ideology,direct,single_ocr_line,5,15,1,541,203,propaedia_pages/part_5/propaedia-2010-part-05-photo-15.jpg
11,531,Marx and MARXISM,"Marxism, Marx and",observed_comma_flip,single_ocr_line,5,15,1,541,203,propaedia_pages/part_5/propaedia-2010-part-05-photo-15.jpg
4,425,CITIES,Cities,direct,single_ocr_line,5,16,1,542,204,propaedia_pages/part_5/propaedia-2010-part-05-photo-16.jpg
13,1004,POLITICAL SYSTEMS,Political Systems,direct,single_ocr_line,5,16,1,542,204,propaedia_pages/part_5/propaedia-2010-part-05-photo-16.jpg
8,141,The Forms of GOVERNMENT: Their Historical Development,"Government, The Forms of: Their Historical Development",observed_comma_prefix_colon,combined_2_fragment_titles,5,16,1,542,204,propaedia_pages/part_5/propaedia-2010-part-05-photo-16.jpg
14,294,PUBLIC ADMINISTRATION,Public Administration,direct,single_ocr_line,5,16,1,542,204,propaedia_pages/part_5/propaedia-2010-part-05-photo-16.jpg
15,316,The SOCIAL SCIENCES,"Social Sciences, The",observed_comma_flip,single_ocr_line,5,16,1,542,204,propaedia_pages/part_5/propaedia-2010-part-05-photo-16.jpg
13,979,POLITICAL PARTIES AND INTEREST GROUPS,Political Parties and Interest Groups,direct,single_ocr_line,5,17,1,543,205,propaedia_pages/part_5/propaedia-2010-part-05-photo-17.jpg
3,604,CENSORSHIP,Censorship,direct,single_ocr_line,5,17,1,543,205,propaedia_pages/part_5/propaedia-2010-part-05-photo-17.jpg
13,1004,POLITICAL SYSTEMS,Political Systems,direct,single_ocr_line,5,17,1,543,205,propaedia_pages/part_5/propaedia-2010-part-05-photo-17.jpg
4,796,CRIME AND PUNISHMENT,Crime and Punishment,direct,single_ocr_line,5,17,1,543,205,propaedia_pages/part_5/propaedia-2010-part-05-photo-17.jpg
15,316,The SOCIAL SCIENCES,"Social Sciences, The",observed_comma_flip,single_ocr_line,5,17,1,543,205,propaedia_pages/part_5/propaedia-2010-part-05-photo-17.jpg
13,957,POLICE,Police,direct,single_ocr_line,5,17,1,543,205,propaedia_pages/part_5/propaedia-2010-part-05-photo-17.jpg
5,330,DIPLOMACY,Diplomacy,direct,single_ocr_line,5,18,1,544,207,propaedia_pages/part_5/propaedia-2010-part-05-photo-18.jpg
9,781,INTELLIGENCE AND COUNTERINTELLIGENCE,Intelligence and Counterintelligence,direct,single_ocr_line,5,18,1,544,207,propaedia_pages/part_5/propaedia-2010-part-05-photo-18.jpg
17,138,UNITED NATIONS,United Nations,direct,single_ocr_line,5,18,1,544,207,propaedia_pages/part_5/propaedia-2010-part-05-photo-18.jpg
15,316,The SOCIAL SCIENCES,"Social Sciences, The",observed_comma_flip,single_ocr_line,5,18,1,544,207,propaedia_pages/part_5/propaedia-2010-part-05-photo-18.jpg
17,628,The Theory and Conduct of WAR,"War, The Theory and Conduct of",observed_comma_flip,single_ocr_line,5,18,1,544,207,propaedia_pages/part_5/propaedia-2010-part-05-photo-18.jpg
10,843,The Profession and Practice of LAW,"Law, The Profession and Practice of",observed_comma_flip,single_ocr_line,5,19,1,551,209,propaedia_pages/part_5/propaedia-2010-part-05-photo-19.jpg
10,902,The Evolution of Modern Western LEGAL SYSTEMS,"Legal Systems, The Evolution of Modern Western",observed_comma_flip,single_ocr_line,5,19,1,551,209,propaedia_pages/part_5/propaedia-2010-part-05-photo-19.jpg
4,695,CONSTITUTIONAL LAW,Constitutional Law,direct,single_ocr_line,5,20,1,552,211,propaedia_pages/part_5/propaedia-2010-part-05-photo-20.jpg
4,817,CRIMINAL LAW,Criminal Law,direct,single_ocr_line,5,20,1,552,211,propaedia_pages/part_5/propaedia-2010-part-05-photo-20.jpg
14,294,PUBLIC ADMINISTRATION,Public Administration,direct,single_ocr_line,5,20,1,552,211,propaedia_pages/part_5/propaedia-2010-part-05-photo-20.jpg
9,788,INTERNATIONAL LAW,International Law,direct,single_ocr_line,5,20,1,552,211,propaedia_pages/part_5/propaedia-2010-part-05-photo-20.jpg
16,397,TAXATION,Taxation,direct,single_ocr_line,5,20,1,552,211,propaedia_pages/part_5/propaedia-2010-part-05-photo-20.jpg
10,457,JUDICIAL AND ARBITRATIONAL SYSTEMS,Judicial and Arbitrational Systems,direct,single_ocr_line,5,20,1,552,211,propaedia_pages/part_5/propaedia-2010-part-05-photo-20.jpg
17,138,UNITED NATIONS,United Nations,direct,single_ocr_line,5,20,1,552,211,propaedia_pages/part_5/propaedia-2010-part-05-photo-20.jpg
14,149,PROCEDURAL LAW,Procedural Law,direct,single_ocr_line,5,20,1,552,211,propaedia_pages/part_5/propaedia-2010-part-05-photo-20.jpg
17,628,The Theory and Conduct of WAR,"War, The Theory and Conduct of",observed_comma_flip,single_ocr_line,5,20,1,552,211,propaedia_pages/part_5/propaedia-2010-part-05-photo-20.jpg
14,180,PROPERTY LAW,Property Law,direct,single_ocr_line,5,21,1,553,214,propaedia_pages/part_5/propaedia-2010-part-05-photo-21.jpg
3,340,BUSINESS LAW,Business Law,direct,single_ocr_line,5,21,1,553,214,propaedia_pages/part_5/propaedia-2010-part-05-photo-21.jpg
16,744,TORTS,Torts,direct,single_ocr_line,5,21,1,553,214,propaedia_pages/part_5/propaedia-2010-part-05-photo-21.jpg
7,76,FAMILY LAW,Family Law,direct,single_ocr_line,5,21,1,553,214,propaedia_pages/part_5/propaedia-2010-part-05-photo-21.jpg
16,889,TRANSPORTATION LAW,Transportation Law,direct,single_ocr_line,5,21,1,553,214,propaedia_pages/part_5/propaedia-2010-part-05-photo-21.jpg
9,638,INHERITANCE AND SUCCESSION,Inheritance and Succession,direct,single_ocr_line,5,21,1,553,214,propaedia_pages/part_5/propaedia-2010-part-05-photo-21.jpg
14,149,PROCEDURAL LAW,Procedural Law,direct,single_ocr_line,5,21,1,553,214,propaedia_pages/part_5/propaedia-2010-part-05-photo-21.jpg
13,652,PHILOSOPHIES OF THE BRANCHES OF KNOWLEDGE,Philosophies of the Branches of Knowledge,direct,single_ocr_line,5,22,1,561,215,propaedia_pages/part_5/propaedia-2010-part-05-photo-22.jpg
16,422,TEACHING,Teaching,direct,single_ocr_line,5,22,1,561,215,propaedia_pages/part_5/propaedia-2010-part-05-photo-22.jpg
6,1H,History of EDUCATION,"Education, History of",observed_comma_flip,single_ocr_line,5,23,1,562,217,propaedia_pages/part_5/propaedia-2010-part-05-photo-23.jpg
16,422,TEACHING,Teaching,direct,single_ocr_line,5,23,1,562,217,propaedia_pages/part_5/propaedia-2010-part-05-photo-23.jpg
13,652,PHILOSOPHIES OF THE BRANCHES OF KNOWLEDGE,Philosophies of the Branches of Knowledge,direct,single_ocr_line,6,1,1,611,222,propaedia_pages/part_6/propaedia-2010-part-06-photo-01.jpg
10,947,LIBRARIES,Libraries,direct,single_ocr_line,6,2,1,612,223,propaedia_pages/part_6/propaedia-2010-part-06-photo-02.jpg
12,480,MUSEUMS,Museums,direct,single_ocr_line,6,2,1,612,223,propaedia_pages/part_6/propaedia-2010-part-06-photo-02.jpg
1,121,AFRICAN ARTS,African Arts,direct,single_ocr_line,6,3,1,613,225,propaedia_pages/part_6/propaedia-2010-part-06-photo-03.jpg
1,312,Arts of Native AMERICAN PEOPLES,"American Peoples, Arts of Native",observed_comma_flip,combined_2_adjacent_ocr_lines,6,3,1,613,225,propaedia_pages/part_6/propaedia-2010-part-06-photo-03.jpg
3,716,CENTRAL ASIAN ARTS,Central Asian Arts,direct,combined_2_adjacent_ocr_lines,6,3,1,613,225,propaedia_pages/part_6/propaedia-2010-part-06-photo-03.jpg
5,667,EAST ASIAN ARTS,East Asian Arts,direct,single_ocr_line,6,3,1,613,225,propaedia_pages/part_6/propaedia-2010-part-06-photo-03.jpg
6,145,Ancient EGYPTIAN ARTS AND ARCHITECTURE,"Egyptian Arts and Architecture, Ancient",observed_comma_flip,combined_3_adjacent_ocr_lines,6,3,1,613,225,propaedia_pages/part_6/propaedia-2010-part-06-photo-03.jpg
7,306,FOLK ARTS,Folk Arts,direct,single_ocr_line,6,3,1,613,225,propaedia_pages/part_6/propaedia-2010-part-06-photo-03.jpg
10,44,ISLAMIC ARTS,Islamic Arts,direct,single_ocr_line,6,3,1,613,225,propaedia_pages/part_6/propaedia-2010-part-06-photo-03.jpg
12,74,Ancient MIDDLE EASTERN ARTS AND ARCHITECTURE,"Middle Eastern Arts and Architecture, Ancient",observed_comma_flip,combined_2_fragment_titles,6,3,1,613,225,propaedia_pages/part_6/propaedia-2010-part-06-photo-03.jpg
13,104,OCEANIC ARTS,Oceanic Arts,direct,single_ocr_line,6,3,1,613,225,propaedia_pages/part_6/propaedia-2010-part-06-photo-03.jpg
14,45,PREHISTORIC PEOPLES AND CULTURES,Prehistoric Peoples and Cultures,direct,combined_2_adjacent_ocr_lines,6,3,1,613,225,propaedia_pages/part_6/propaedia-2010-part-06-photo-03.jpg
15,634,SOUTH ASIAN ARTS,South Asian Arts,direct,single_ocr_line,6,3,1,613,225,propaedia_pages/part_6/propaedia-2010-part-06-photo-03.jpg
15,795,SOUTHEAST ASIAN ARTS,Southeast Asian Arts,direct,combined_2_adjacent_ocr_lines,6,3,1,613,225,propaedia_pages/part_6/propaedia-2010-part-06-photo-03.jpg
1,121,AFRICAN ARTS,African Arts,direct,single_ocr_line,6,4,1,621,227,propaedia_pages/part_6/propaedia-2010-part-06-photo-04.jpg
1,120A,AFRICAN AMERICAN LITERATURE,African American Literature,direct,combined_2_adjacent_ocr_lines,6,4,1,621,227,propaedia_pages/part_6/propaedia-2010-part-06-photo-04.jpg
1,300,AMERICAN LITERATURE,American Literature,direct,combined_2_adjacent_ocr_lines,6,4,1,621,227,propaedia_pages/part_6/propaedia-2010-part-06-photo-04.jpg
1,312,Arts of Native AMERICAN PEOPLES,"American Peoples, Arts of Native",observed_comma_flip,combined_2_adjacent_ocr_lines,6,4,1,621,227,propaedia_pages/part_6/propaedia-2010-part-06-photo-04.jpg
2,493,Literatures of AUSTRALIA AND NEW ZEALAND,"Australia and New Zealand, Literatures of",observed_comma_flip,combined_3_adjacent_ocr_lines,6,4,1,621,227,propaedia_pages/part_6/propaedia-2010-part-06-photo-04.jpg
2,853,BELGIAN LITERATURE,Belgian Literature,direct,single_ocr_line,6,4,1,621,227,propaedia_pages/part_6/propaedia-2010-part-06-photo-04.jpg
3,514,CANADIAN LITERATURE,Canadian Literature,direct,single_ocr_line,6,4,1,621,227,propaedia_pages/part_6/propaedia-2010-part-06-photo-04.jpg
3,594,CELTIC LITERATURE,Celtic Literature,direct,single_ocr_line,6,4,1,621,227,propaedia_pages/part_6/propaedia-2010-part-06-photo-04.jpg
3,716,CENTRAL ASIAN ARTS,Central Asian Arts,direct,single_ocr_line,6,4,1,621,227,propaedia_pages/part_6/propaedia-2010-part-06-photo-04.jpg
4,231,CHINESE LITERATURE,Chinese Literature,direct,single_ocr_line,6,4,1,621,227,propaedia_pages/part_6/propaedia-2010-part-06-photo-04.jpg
3,737,CERVANTES,Cervantes,direct,single_ocr_line,6,4,1,621,227,propaedia_pages/part_6/propaedia-2010-part-06-photo-04.jpg
3,745,CHAUCER,Chaucer,direct,single_ocr_line,6,4,1,621,227,propaedia_pages/part_6/propaedia-2010-part-06-photo-04.jpg
4,971,DANTE,Dante,direct,single_ocr_line,6,4,1,621,227,propaedia_pages/part_6/propaedia-2010-part-06-photo-04.jpg
5,269,DICKENS,Dickens,direct,single_ocr_line,6,4,1,621,227,propaedia_pages/part_6/propaedia-2010-part-06-photo-04.jpg
5,566,DUTCH LITERATURE,Dutch Literature,direct,single_ocr_line,6,4,1,621,227,propaedia_pages/part_6/propaedia-2010-part-06-photo-04.jpg
6,426,ENGLISH LITERATURE,English Literature,direct,single_ocr_line,6,4,1,621,227,propaedia_pages/part_6/propaedia-2010-part-06-photo-04.jpg
7,539,FRENCH LITERATURE,French Literature,direct,single_ocr_line,6,4,1,621,227,propaedia_pages/part_6/propaedia-2010-part-06-photo-04.jpg
8,27,GERMAN LITERATURE,German Literature,direct,single_ocr_line,6,4,1,621,227,propaedia_pages/part_6/propaedia-2010-part-06-photo-04.jpg
8,352,GREEK LITERATURE,Greek Literature,direct,single_ocr_line,6,4,1,621,227,propaedia_pages/part_6/propaedia-2010-part-06-photo-04.jpg
8,483,HEBREW LITERATURE,Hebrew Literature,direct,single_ocr_line,6,4,1,621,227,propaedia_pages/part_6/propaedia-2010-part-06-photo-04.jpg
8,635,The HOMERIC EPICS,"Homeric Epics, The",observed_comma_flip,combined_2_adjacent_ocr_lines,6,4,1,621,227,propaedia_pages/part_6/propaedia-2010-part-06-photo-04.jpg
8,689,HUNGARIAN LITERATURE,Hungarian Literature,direct,combined_2_adjacent_ocr_lines,6,4,1,621,227,propaedia_pages/part_6/propaedia-2010-part-06-photo-04.jpg
10,44,ISLAMIC ARTS,Islamic Arts,direct,single_ocr_line,6,4,1,621,227,propaedia_pages/part_6/propaedia-2010-part-06-photo-04.jpg
10,155,ITALIAN LITERATURE,Italian Literature,direct,single_ocr_line,6,4,1,621,227,propaedia_pages/part_6/propaedia-2010-part-06-photo-04.jpg
10,312,JAPANESE LITERATURE,Japanese Literature,direct,single_ocr_line,6,4,1,621,227,propaedia_pages/part_6/propaedia-2010-part-06-photo-04.jpg
10,515,KOREAN LITERATURE,Korean Literature,direct,single_ocr_line,6,4,1,621,227,propaedia_pages/part_6/propaedia-2010-part-06-photo-04.jpg
5,451,DOSTOYEVSKY,Dostoyevsky,direct,single_ocr_line,6,4,1,621,227,propaedia_pages/part_6/propaedia-2010-part-06-photo-04.jpg
8,138,GOETHE,Goethe,direct,single_ocr_line,6,4,1,621,227,propaedia_pages/part_6/propaedia-2010-part-06-photo-04.jpg
8,342,"The Classical GREEK DRAMATISTS: Aeschylus, Sophocles, Euripides, and Aristophanes","Greek Dramatists, The Classical",observed_manual_alias,combined_2_adjacent_ocr_lines,6,4,1,621,227,propaedia_pages/part_6/propaedia-2010-part-06-photo-04.jpg
10,827,LATIN-AMERICAN LITERATURE,Latin-American Literature,direct,combined_2_adjacent_ocr_lines,6,4,1,621,227,propaedia_pages/part_6/propaedia-2010-part-06-photo-04.jpg
10,833,LATIN LITERATURE,Latin Literature,direct,single_ocr_line,6,4,1,621,227,propaedia_pages/part_6/propaedia-2010-part-06-photo-04.jpg
11,77,The Art of LITERATURE,"Literature, The Art of",observed_comma_flip,combined_2_adjacent_ocr_lines,6,4,1,621,227,propaedia_pages/part_6/propaedia-2010-part-06-photo-04.jpg
11,216,The History of Western LITERATURE,"Literature, The History of Western",observed_comma_flip,combined_3_adjacent_ocr_lines,6,4,1,621,227,propaedia_pages/part_6/propaedia-2010-part-06-photo-04.jpg
13,104,OCEANIC ARTS,Oceanic Arts,direct,single_ocr_line,6,4,1,621,227,propaedia_pages/part_6/propaedia-2010-part-06-photo-04.jpg
13,973,POLISH LITERATURE,Polish Literature,direct,single_ocr_line,6,4,1,621,227,propaedia_pages/part_6/propaedia-2010-part-06-photo-04.jpg
13,1063,PORTUGUESE LITERATURE,Portuguese Literature,direct,combined_2_adjacent_ocr_lines,6,4,1,621,227,propaedia_pages/part_6/propaedia-2010-part-06-photo-04.jpg
14,758,RHETORIC,Rhetoric,direct,single_ocr_line,6,4,1,621,227,propaedia_pages/part_6/propaedia-2010-part-06-photo-04.jpg
14,1003,RUSSIAN LITERATURE,Russian Literature,direct,single_ocr_line,6,4,1,621,227,propaedia_pages/part_6/propaedia-2010-part-06-photo-04.jpg
10,363,Samuel JOHNSON,"Johnson, Samuel",observed_comma_flip,single_ocr_line,6,4,1,621,227,propaedia_pages/part_6/propaedia-2010-part-06-photo-04.jpg
12,138,MILTON,Milton,direct,single_ocr_line,6,4,1,621,227,propaedia_pages/part_6/propaedia-2010-part-06-photo-04.jpg
12,292,MOLIÈRE,Molière,direct,single_ocr_line,6,4,1,621,227,propaedia_pages/part_6/propaedia-2010-part-06-photo-04.jpg
12,343,MONTAIGNE,Montaigne,direct,single_ocr_line,6,4,1,621,227,propaedia_pages/part_6/propaedia-2010-part-06-photo-04.jpg
15,10,SCANDINAVIAN LITERATURE,Scandinavian Literature,direct,combined_2_adjacent_ocr_lines,6,4,1,621,227,propaedia_pages/part_6/propaedia-2010-part-06-photo-04.jpg
15,634,SOUTH ASIAN ARTS,South Asian Arts,direct,single_ocr_line,6,4,1,621,227,propaedia_pages/part_6/propaedia-2010-part-06-photo-04.jpg
15,795,SOUTHEAST ASIAN ARTS,Southeast Asian Arts,observed_manual_alias,single_ocr_line_with_trailing_fragment,6,4,1,621,227,propaedia_pages/part_6/propaedia-2010-part-06-photo-04.jpg
16,63,SPANISH LITERATURE,Spanish Literature,direct,single_ocr_line,6,4,1,621,227,propaedia_pages/part_6/propaedia-2010-part-06-photo-04.jpg
17,1077,YIDDISH LITERATURE,Yiddish Literature,direct,single_ocr_line,6,4,1,621,227,propaedia_pages/part_6/propaedia-2010-part-06-photo-04.jpg
15,253,SHAKESPEARE,Shakespeare,direct,single_ocr_line,6,4,1,621,227,propaedia_pages/part_6/propaedia-2010-part-06-photo-04.jpg
16,687,TOLSTOY,Tolstoy,direct,single_ocr_line,6,4,1,621,227,propaedia_pages/part_6/propaedia-2010-part-06-photo-04.jpg
17,499,VIRGIL,Virgil,direct,single_ocr_line,6,4,1,621,227,propaedia_pages/part_6/propaedia-2010-part-06-photo-04.jpg
17,524,VOLTAIRE,Voltaire,direct,single_ocr_line,6,4,1,621,227,propaedia_pages/part_6/propaedia-2010-part-06-photo-04.jpg
1,121,AFRICAN ARTS,African Arts,direct,single_ocr_line,6,5,1,622,235,propaedia_pages/part_6/propaedia-2010-part-06-photo-05.jpg
1,312,Arts of Native AMERICAN PEOPLES,"American Peoples, Arts of Native",observed_comma_flip,combined_2_adjacent_ocr_lines,6,5,1,622,235,propaedia_pages/part_6/propaedia-2010-part-06-photo-05.jpg
3,716,CENTRAL ASIAN ARTS,Central Asian Arts,direct,single_ocr_line,6,5,1,622,235,propaedia_pages/part_6/propaedia-2010-part-06-photo-05.jpg
4,418,CIRCUS,Circus,direct,single_ocr_line,6,5,1,622,235,propaedia_pages/part_6/propaedia-2010-part-06-photo-05.jpg
5,667,EAST ASIAN ARTS,East Asian Arts,direct,single_ocr_line,6,5,1,622,235,propaedia_pages/part_6/propaedia-2010-part-06-photo-05.jpg
7,306,FOLK ARTS,Folk Arts,direct,single_ocr_line,6,5,1,622,235,propaedia_pages/part_6/propaedia-2010-part-06-photo-05.jpg
13,104,OCEANIC ARTS,Oceanic Arts,direct,single_ocr_line,6,5,1,622,235,propaedia_pages/part_6/propaedia-2010-part-06-photo-05.jpg
14,450,PUPPETRY,Puppetry,direct,single_ocr_line,6,5,1,622,235,propaedia_pages/part_6/propaedia-2010-part-06-photo-05.jpg
15,634,SOUTH ASIAN ARTS,South Asian Arts,direct,single_ocr_line,6,5,1,622,235,propaedia_pages/part_6/propaedia-2010-part-06-photo-05.jpg
15,795,SOUTHEAST ASIAN ARTS,Southeast Asian Arts,observed_manual_alias,single_ocr_line_with_trailing_fragment,6,5,1,622,235,propaedia_pages/part_6/propaedia-2010-part-06-photo-05.jpg
16,521,The Art of the THEATRE,"Theatre, The Art of the",observed_comma_flip,combined_2_adjacent_ocr_lines,6,5,1,622,235,propaedia_pages/part_6/propaedia-2010-part-06-photo-05.jpg
16,537,The History of Western THEATRE,"Theatre, The History of Western",observed_comma_flip,combined_3_adjacent_ocr_lines,6,5,1,622,235,propaedia_pages/part_6/propaedia-2010-part-06-photo-05.jpg
16,561,THEATRICAL PRODUCTION,Theatrical Production,direct,combined_2_adjacent_ocr_lines,6,5,1,622,235,propaedia_pages/part_6/propaedia-2010-part-06-photo-05.jpg
12,369,MOTION PICTURES,Motion Pictures,direct,single_ocr_line,6,6,1,623,237,propaedia_pages/part_6/propaedia-2010-part-06-photo-06.jpg
1,121,AFRICAN ARTS,African Arts,direct,single_ocr_line,6,7,1,624,240,propaedia_pages/part_6/propaedia-2010-part-06-photo-07.jpg
1,312,Arts of Native AMERICAN PEOPLES,"American Peoples, Arts of Native",observed_comma_flip,combined_2_adjacent_ocr_lines,6,7,1,624,240,propaedia_pages/part_6/propaedia-2010-part-06-photo-07.jpg
2,558,BACH,Bach,direct,single_ocr_line,6,7,1,624,240,propaedia_pages/part_6/propaedia-2010-part-06-photo-07.jpg
2,737,BEETHOVEN,Beethoven,direct,single_ocr_line,6,7,1,624,240,propaedia_pages/part_6/propaedia-2010-part-06-photo-07.jpg
3,716,CENTRAL ASIAN ARTS,Central Asian Arts,direct,single_ocr_line,6,7,1,624,240,propaedia_pages/part_6/propaedia-2010-part-06-photo-07.jpg
5,667,EAST ASIAN ARTS,East Asian Arts,direct,single_ocr_line,6,7,1,624,240,propaedia_pages/part_6/propaedia-2010-part-06-photo-07.jpg
7,306,FOLK ARTS,Folk Arts,direct,single_ocr_line,6,7,1,624,240,propaedia_pages/part_6/propaedia-2010-part-06-photo-07.jpg
12,445,MOZART,Mozart,direct,single_ocr_line,6,7,1,624,240,propaedia_pages/part_6/propaedia-2010-part-06-photo-07.jpg
12,493,The Art of MUSIC,"Music, The Art of",observed_comma_flip,single_ocr_line,6,7,1,624,240,propaedia_pages/part_6/propaedia-2010-part-06-photo-07.jpg
12,553,The History of Western MUSIC,"Music, The History ofWestern",observed_comma_flip,combined_2_adjacent_ocr_lines,6,7,1,624,240,propaedia_pages/part_6/propaedia-2010-part-06-photo-07.jpg
12,651,MUSICAL INSTRUMENTS,Musical Instruments,direct,combined_2_adjacent_ocr_lines,6,7,1,624,240,propaedia_pages/part_6/propaedia-2010-part-06-photo-07.jpg
13,104,OCEANIC ARTS,Oceanic Arts,direct,single_ocr_line,6,7,1,624,240,propaedia_pages/part_6/propaedia-2010-part-06-photo-07.jpg
15,634,SOUTH ASIAN ARTS,South Asian Arts,direct,single_ocr_line,6,7,1,624,240,propaedia_pages/part_6/propaedia-2010-part-06-photo-07.jpg
1,121,AFRICAN ARTS,African Arts,direct,single_ocr_line,6,8,1,625,245,propaedia_pages/part_6/propaedia-2010-part-06-photo-08.jpg
1,312,Arts of Native AMERICAN PEOPLES,"American Peoples, Arts of Native",observed_comma_flip,combined_2_adjacent_ocr_lines,6,8,1,625,245,propaedia_pages/part_6/propaedia-2010-part-06-photo-08.jpg
3,716,CENTRAL ASIAN ARTS,Central Asian Arts,direct,single_ocr_line,6,8,1,625,245,propaedia_pages/part_6/propaedia-2010-part-06-photo-08.jpg
4,935,The Art of DANCE,"Dance, The Art of",observed_comma_flip,single_ocr_line,6,8,1,625,245,propaedia_pages/part_6/propaedia-2010-part-06-photo-08.jpg
4,958,The History of Western DANCE,"Dance, The History of Western",observed_comma_flip,combined_2_adjacent_ocr_lines,6,8,1,625,245,propaedia_pages/part_6/propaedia-2010-part-06-photo-08.jpg
5,667,EAST ASIAN ARTS,East Asian Arts,direct,single_ocr_line,6,8,1,625,245,propaedia_pages/part_6/propaedia-2010-part-06-photo-08.jpg
7,306,FOLK ARTS,Folk Arts,direct,single_ocr_line,6,8,1,625,245,propaedia_pages/part_6/propaedia-2010-part-06-photo-08.jpg
13,104,OCEANIC ARTS,Oceanic Arts,direct,single_ocr_line,6,8,1,625,245,propaedia_pages/part_6/propaedia-2010-part-06-photo-08.jpg
15,634,SOUTH ASIAN ARTS,South Asian Arts,direct,single_ocr_line,6,8,1,625,245,propaedia_pages/part_6/propaedia-2010-part-06-photo-08.jpg
15,795,SOUTHEAST ASIAN ARTS,Southeast Asian Arts,observed_manual_alias,single_ocr_line_with_trailing_fragment,6,8,1,625,245,propaedia_pages/part_6/propaedia-2010-part-06-photo-08.jpg
1,121,AFRICAN ARTS,African Arts,direct,single_ocr_line,6,9,1,626,246,propaedia_pages/part_6/propaedia-2010-part-06-photo-09.jpg
7,306,FOLK ARTS,Folk Arts,direct,single_ocr_line,6,9,1,626,246,propaedia_pages/part_6/propaedia-2010-part-06-photo-09.jpg
1,312,Arts of Native AMERICAN PEOPLES,"American Peoples, Arts of Native",observed_comma_flip,single_ocr_line,6,9,1,626,246,propaedia_pages/part_6/propaedia-2010-part-06-photo-09.jpg
1,874,The Art of ARCHITECTURE,"Architecture, The Art of",observed_comma_flip,single_ocr_line,6,9,1,626,246,propaedia_pages/part_6/propaedia-2010-part-06-photo-09.jpg
7,653,GARDEN AND LANDSCAPE DESIGN,Garden and Landscape Design,direct,single_ocr_line,6,9,1,626,246,propaedia_pages/part_6/propaedia-2010-part-06-photo-09.jpg
1,901,The History of Western ARCHITECTURE,"Architecture, The History of Western",observed_comma_flip,single_ocr_line,6,9,1,626,246,propaedia_pages/part_6/propaedia-2010-part-06-photo-09.jpg
12,74,Ancient MIDDLE EASTERN ARTS AND ARCHITECTURE,"Middle Eastern Arts and Architecture, Ancient",observed_comma_flip,combined_2_fragment_titles,6,9,1,626,246,propaedia_pages/part_6/propaedia-2010-part-06-photo-09.jpg
3,716,CENTRAL ASIAN ARTS,Central Asian Arts,direct,single_ocr_line,6,9,1,626,246,propaedia_pages/part_6/propaedia-2010-part-06-photo-09.jpg
5,667,EAST ASIAN ARTS,East Asian Arts,direct,single_ocr_line,6,9,1,626,246,propaedia_pages/part_6/propaedia-2010-part-06-photo-09.jpg
13,104,OCEANIC ARTS,Oceanic Arts,direct,single_ocr_line,6,9,1,626,246,propaedia_pages/part_6/propaedia-2010-part-06-photo-09.jpg
6,145,Ancient EGYPTIAN ARTS AND ARCHITECTURE,"Egyptian Arts and Architecture, Ancient",observed_comma_flip,single_ocr_line,6,9,1,626,246,propaedia_pages/part_6/propaedia-2010-part-06-photo-09.jpg
15,634,SOUTH ASIAN ARTS,South Asian Arts,direct,single_ocr_line,6,9,1,626,246,propaedia_pages/part_6/propaedia-2010-part-06-photo-09.jpg
15,795,SOUTHEAST ASIAN ARTS,Southeast Asian Arts,direct,single_ocr_line,6,9,1,626,246,propaedia_pages/part_6/propaedia-2010-part-06-photo-09.jpg
12,74,Ancient MIDDLE EASTERN ARTS AND ARCHITECTURE,"Middle Eastern Arts and Architecture, Ancient",observed_comma_flip,combined_2_fragment_titles,6,10,1,627,249,propaedia_pages/part_6/propaedia-2010-part-06-photo-10.jpg
1,121,AFRICAN ARTS,African Arts,direct,single_ocr_line,6,10,1,627,249,propaedia_pages/part_6/propaedia-2010-part-06-photo-10.jpg
1,312,Arts of Native AMERICAN PEOPLES,"American Peoples, Arts of Native",observed_comma_flip,single_ocr_line,6,10,1,627,249,propaedia_pages/part_6/propaedia-2010-part-06-photo-10.jpg
13,104,OCEANIC ARTS,Oceanic Arts,direct,single_ocr_line,6,10,1,627,249,propaedia_pages/part_6/propaedia-2010-part-06-photo-10.jpg
3,716,CENTRAL ASIAN ARTS,Central Asian Arts,direct,single_ocr_line,6,10,1,627,249,propaedia_pages/part_6/propaedia-2010-part-06-photo-10.jpg
15,43,The Art of SCULPTURE,"Sculpture, The Art of",observed_comma_flip,single_ocr_line,6,10,1,627,249,propaedia_pages/part_6/propaedia-2010-part-06-photo-10.jpg
5,667,EAST ASIAN ARTS,East Asian Arts,direct,single_ocr_line,6,10,1,627,249,propaedia_pages/part_6/propaedia-2010-part-06-photo-10.jpg
15,60,The History of Western SCULPTURE,"Sculpture, The History of Western",observed_comma_flip,single_ocr_line,6,10,1,627,249,propaedia_pages/part_6/propaedia-2010-part-06-photo-10.jpg
6,145,Ancient EGYPTIAN ARTS AND ARCHITECTURE,"Egyptian Arts and Architecture, Ancient",observed_comma_flip,single_ocr_line,6,10,1,627,249,propaedia_pages/part_6/propaedia-2010-part-06-photo-10.jpg
15,634,SOUTH ASIAN ARTS,South Asian Arts,direct,single_ocr_line,6,10,1,627,249,propaedia_pages/part_6/propaedia-2010-part-06-photo-10.jpg
7,306,FOLK ARTS,Folk Arts,direct,single_ocr_line,6,10,1,627,249,propaedia_pages/part_6/propaedia-2010-part-06-photo-10.jpg
15,795,SOUTHEAST ASIAN ARTS,Southeast Asian Arts,direct,single_ocr_line,6,10,1,627,249,propaedia_pages/part_6/propaedia-2010-part-06-photo-10.jpg
10,44,ISLAMIC ARTS,Islamic Arts,direct,single_ocr_line,6,10,1,627,249,propaedia_pages/part_6/propaedia-2010-part-06-photo-10.jpg
11,544,MASKS,Masks,direct,single_ocr_line,6,10,1,627,249,propaedia_pages/part_6/propaedia-2010-part-06-photo-10.jpg
3,539,"CARICATURE, CARTOON, AND COMIC STRIP","Caricature, Cartoon, and Comic Strip",direct,combined_2_adjacent_ocr_lines,6,11,1,628,251,propaedia_pages/part_6/propaedia-2010-part-06-photo-11.jpg
5,455,DRAFTING,Drafting,direct,single_ocr_line,6,11,1,628,251,propaedia_pages/part_6/propaedia-2010-part-06-photo-11.jpg
5,460,DRAWING,Drawing,direct,single_ocr_line,6,11,1,628,251,propaedia_pages/part_6/propaedia-2010-part-06-photo-11.jpg
7,306,FOLK ARTS,Folk Arts,direct,single_ocr_line,6,11,1,628,251,propaedia_pages/part_6/propaedia-2010-part-06-photo-11.jpg
11,473,MAPPING AND SURVEYING,Mapping and Surveying,direct,single_ocr_line,6,11,1,628,251,propaedia_pages/part_6/propaedia-2010-part-06-photo-11.jpg
13,318,The Art of PAINTING,"Painting, The Art of",observed_comma_flip,single_ocr_line,6,11,1,628,251,propaedia_pages/part_6/propaedia-2010-part-06-photo-11.jpg
13,336,The History of Western PAINTING,"Painting, The History of Western",observed_comma_flip,combined_2_adjacent_ocr_lines,6,11,1,628,251,propaedia_pages/part_6/propaedia-2010-part-06-photo-11.jpg
13,761,PHOTOGRAPHY,Photography,direct,single_ocr_line,6,11,1,628,251,propaedia_pages/part_6/propaedia-2010-part-06-photo-11.jpg
14,112,PRINTMAKING,Printmaking,direct,single_ocr_line,6,11,1,628,251,propaedia_pages/part_6/propaedia-2010-part-06-photo-11.jpg
16,674,TITIAN,Titian,direct,single_ocr_line,6,12,1,628,252,propaedia_pages/part_6/propaedia-2010-part-06-photo-12.jpg
13,860,PICASSO,Picasso,direct,single_ocr_line,6,12,1,628,252,propaedia_pages/part_6/propaedia-2010-part-06-photo-12.jpg
10,939,LEONARDO DA VINCI,Leonardo da Vinci,direct,single_ocr_line,6,12,1,628,252,propaedia_pages/part_6/propaedia-2010-part-06-photo-12.jpg
14,600,REMBRANDT VAN RIJN,Rembrandt,observed_manual_alias,single_ocr_line,6,12,1,628,252,propaedia_pages/part_6/propaedia-2010-part-06-photo-12.jpg
12,55,MICHELANGELO,Michelangelo,direct,single_ocr_line,6,12,1,628,252,propaedia_pages/part_6/propaedia-2010-part-06-photo-12.jpg
1,121,AFRICAN ARTS,African Arts,direct,single_ocr_line,6,13,1,629,256,propaedia_pages/part_6/propaedia-2010-part-06-photo-13.jpg
3,716,CENTRAL ASIAN ARTS,Central Asian Arts,direct,single_ocr_line,6,13,1,629,256,propaedia_pages/part_6/propaedia-2010-part-06-photo-13.jpg
5,1,DECORATIVE ARTS AND FURNISHINGS,Decorative Arts and Furnishings,direct,combined_2_adjacent_ocr_lines,6,13,1,629,256,propaedia_pages/part_6/propaedia-2010-part-06-photo-13.jpg
5,478,DRESS AND ADORNMENT,Dress and Adornment,direct,combined_2_adjacent_ocr_lines,6,13,1,629,256,propaedia_pages/part_6/propaedia-2010-part-06-photo-13.jpg
5,667,EAST ASIAN ARTS,East Asian Arts,direct,single_ocr_line,6,13,1,629,256,propaedia_pages/part_6/propaedia-2010-part-06-photo-13.jpg
7,306,FOLK ARTS,Folk Arts,direct,single_ocr_line,6,13,1,629,256,propaedia_pages/part_6/propaedia-2010-part-06-photo-13.jpg
8,503,HERALDRY,Heraldry,direct,single_ocr_line,6,13,1,629,256,propaedia_pages/part_6/propaedia-2010-part-06-photo-13.jpg
11,495,MARKETING AND MERCHANDISING,Marketing and Merchandising,direct,combined_2_adjacent_ocr_lines,6,13,1,629,256,propaedia_pages/part_6/propaedia-2010-part-06-photo-13.jpg
13,104,OCEANIC ARTS,Oceanic Arts,direct,single_ocr_line,6,13,1,629,256,propaedia_pages/part_6/propaedia-2010-part-06-photo-13.jpg
14,71,"PRINTING, TYPOGRAPHY, AND PHOTOENGRAVING","Typography, and Photoengraving",observed_manual_alias,combined_2_adjacent_ocr_lines,6,13,1,629,256,propaedia_pages/part_6/propaedia-2010-part-06-photo-13.jpg
15,634,SOUTH ASIAN ARTS,South Asian Arts,direct,single_ocr_line,6,13,1,629,256,propaedia_pages/part_6/propaedia-2010-part-06-photo-13.jpg
15,795,SOUTHEAST ASIAN ARTS,Southeast Asian,observed_manual_alias,single_ocr_line,6,13,1,629,256,propaedia_pages/part_6/propaedia-2010-part-06-photo-13.jpg
